"Gene","Module"
"bgh04079","green"
"bgh01634","yellow"
"bghG000012000001001","blue"
"bgh00757","turquoise"
"bgh01273","brown"
"bgh01274","turquoise"
"bgh01277","blue"
"bgh06140","brown"
"bgh05774","turquoise"
"bgh06453","turquoise"
"bghG000024000001001","brown"
"bgh04206","brown"
"bghG000026000002001","green"
"bghG000026000001001","brown"
"bgh02510","brown"
"bgh01272","brown"
"bgh01275","turquoise"
"bghG000032000001001","red"
"bghG000032000002001","red"
"bgh01566","turquoise"
"bghG000039000001001","brown"
"bgh03284","yellow"
"bgh02728","brown"
"bgh03073","yellow"
"bghG000048000001001","blue"
"bgh01267","blue"
"bgh05930","brown"
"bgh02515","blue"
"bgh03538","blue"
"bgh03649","blue"
"bgh02080","turquoise"
"bgh01265","turquoise"
"bgh06488","yellow"
"bgh06523","blue"
"bgh02331","blue"
"bgh01260","red"
"bgh02511","green"
"bgh05625","blue"
"bgh02512","red"
"bgh05128","yellow"
"bgh05308","blue"
"bgh05923","turquoise"
"bgh02514","turquoise"
"bgh01261","turquoise"
"bgh01262","green"
"bgh01264","turquoise"
"bgh02081","turquoise"
"bgh06080","turquoise"
"bghG000052000001001","turquoise"
"bgh02943","blue"
"bghG000059000001001","brown"
"bgh03461","turquoise"
"bgh03465","brown"
"bgh04900","brown"
"bghG000061000001001","red"
"bghG000061000002001","green"
"bgh03463","green"
"bgh05554","red"
"bghG000062000001001","turquoise"
"bgh03701","yellow"
"bgh04936","turquoise"
"bgh06599","brown"
"bgh00228","blue"
"bgh03145","blue"
"bgh03219","turquoise"
"bgh03220","blue"
"bgh00227","brown"
"bgh01952","yellow"
"bgh03809","red"
"bgh00811","turquoise"
"bgh01797","brown"
"bghG000071000001001","green"
"bgh00899","green"
"bgh00563","blue"
"bgh00562","yellow"
"bgh02803","red"
"bgh03666","turquoise"
"bgh03929","brown"
"bgh00021","turquoise"
"bgh02849","turquoise"
"bgh02850","blue"
"bgh05883","blue"
"bghG000103000001001","turquoise"
"bgh00847","turquoise"
"bgh04841","brown"
"bgh04911","brown"
"bgh06304","yellow"
"bghG000107000002001","turquoise"
"bgh00380","brown"
"bgh04826","green"
"bgh04827","black"
"bghG000107000001001","turquoise"
"bgh03842","green"
"bghG000116000001001","green"
"bghG000122000001001","turquoise"
"bgh05109","blue"
"bgh03785","blue"
"bgh06244","brown"
"bghG000146000001001","brown"
"bgh02721","red"
"bgh06205","blue"
"bgh02733","turquoise"
"bgh05899","green"
"bgh06257","green"
"bgh02769","brown"
"bgh06061","red"
"bgh06703","blue"
"bgh02718","green"
"bgh03459","green"
"bgh03047","black"
"bgh00637","red"
"bgh06893","red"
"bgh03341","blue"
"bgh02731","blue"
"bgh03322","red"
"bgh01059","brown"
"bgh01060","turquoise"
"bgh01061","green"
"bgh05502","red"
"bgh06728","red"
"bgh03310","yellow"
"bgh03311","blue"
"bgh03323","brown"
"bgh03325","blue"
"bgh05388","green"
"bghG000183000001001","red"
"bgh05589","yellow"
"bgh05628","yellow"
"bgh00701","brown"
"bgh04750","turquoise"
"bgh00234","blue"
"bgh00235","brown"
"bgh04033","blue"
"bgh00692","pink"
"bgh01816","yellow"
"bgh01657","turquoise"
"bgh01822","turquoise"
"bgh06614","magenta"
"bgh02589","magenta"
"bgh00693","brown"
"bgh00700","turquoise"
"bgh04754","turquoise"
"bgh06697","blue"
"bgh00694","brown"
"bgh00695","turquoise"
"bgh06906","yellow"
"bgh00740","brown"
"bghG000207000001001","brown"
"bghG000207000002001","brown"
"bgh00343","yellow"
"bghG000209000002001","brown"
"bgh00605","green"
"bgh03920","turquoise"
"bghG000209000001001","yellow"
"bgh00704","turquoise"
"bghG000209000003001","blue"
"bgh04330","purple"
"bgh00699","brown"
"bgh06188","yellow"
"bgh04765","brown"
"bgh00293","magenta"
"bgh00582","black"
"bghG000218000001001","turquoise"
"bgh00572","red"
"bgh02328","brown"
"bgh02965","brown"
"bgh00342","turquoise"
"bgh03742","turquoise"
"bgh06635","brown"
"bgh06152","turquoise"
"bghG000243000001001","brown"
"bgh01102","red"
"bghG000244000001001","blue"
"bgh01940","turquoise"
"bgh01943","brown"
"bgh00855","yellow"
"bgh03632","blue"
"bgh03633","brown"
"bghG000245000001001","green"
"bghG000245000003001","red"
"bgh01942","blue"
"bgh03631","turquoise"
"bgh06251","blue"
"bgh01941","yellow"
"bgh00856","blue"
"bgh01755","turquoise"
"bgh02805","red"
"bgh03036","green"
"bgh05084","magenta"
"bghG000262000001001","turquoise"
"bgh03851","blue"
"bgh01732","turquoise"
"bgh00818","blue"
"bgh01729","yellow"
"bgh03288","turquoise"
"bgh02868","green"
"bgh03018","blue"
"bgh00996","yellow"
"bgh05986","green"
"bgh00550","brown"
"bgh00551","turquoise"
"bgh03011","red"
"bghG000277000001001","green"
"bgh02680","magenta"
"bghG000280000003001","green"
"bgh02309","yellow"
"bghG000280000001001","brown"
"bgh05153","yellow"
"bgh00773","red"
"bgh01897","yellow"
"bghG000281000001001","turquoise"
"bghG000281000003001","turquoise"
"bgh03287","blue"
"bghG000281000002001","brown"
"bgh02677","turquoise"
"bgh02770","turquoise"
"bgh03013","yellow"
"bgh03706","green"
"bgh03710","magenta"
"bgh06446","yellow"
"bgh02107","red"
"bgh06764","black"
"bgh02111","yellow"
"bgh02106","brown"
"bgh05090","yellow"
"bghG000305000001001","yellow"
"bgh05260","turquoise"
"bgh02109","green"
"bgh02710","blue"
"bgh06111","turquoise"
"bgh02105","brown"
"bgh02711","turquoise"
"bgh02108","brown"
"bgh02712","black"
"bgh02789","blue"
"bghG000309000001001","turquoise"
"bgh00187","turquoise"
"bghG000312000003001","turquoise"
"bgh02057","blue"
"bgh02058","blue"
"bgh02060","green"
"bghG000312000001001","turquoise"
"bgh03264","yellow"
"bgh05417","blue"
"bgh06018","black"
"bgh06377","turquoise"
"bgh06721","red"
"bghG000312000002001","brown"
"bgh02059","yellow"
"bgh02632","black"
"bghG000317000001001","blue"
"bgh05156","brown"
"bgh02613","brown"
"bgh00172","brown"
"bgh05782","turquoise"
"bgh00329","blue"
"bgh00146","red"
"bgh01968","blue"
"bgh03971","turquoise"
"bgh05045","blue"
"bghG000337000001001","green"
"bgh01969","green"
"bgh00356","blue"
"bgh03025","green"
"bgh01716","red"
"bgh00109","green"
"bgh00353","brown"
"bgh01967","brown"
"bgh00357","blue"
"bgh01670","red"
"bghG000345000001001","green"
"bgh06450","green"
"bghG000347000001001","green"
"bgh02524","brown"
"bghG000349000001001","green"
"bghG000349000003001","green"
"bgh00363","blue"
"bgh04881","green"
"bgh00577","turquoise"
"bgh02531","turquoise"
"bgh05043","black"
"bgh03090","pink"
"bgh00034","green"
"bgh01633","blue"
"bgh00352","blue"
"bghG000359000001001","green"
"bghG000359000002001","green"
"bgh00099","green"
"bgh05044","yellow"
"bgh05642","brown"
"bghG000361000001001","green"
"bgh06754","green"
"bgh06276","green"
"bgh03978","green"
"bgh03737","turquoise"
"bgh03738","turquoise"
"bgh06059","yellow"
"bgh02039","turquoise"
"bgh00323","purple"
"bgh03458","blue"
"bghG000385000001001","turquoise"
"bgh03730","turquoise"
"bgh04813","brown"
"bgh01655","green"
"bgh06578","green"
"bghG000389000001001","green"
"bgh02998","green"
"bgh03375","turquoise"
"bgh00215","turquoise"
"bgh04192","pink"
"bgh05029","blue"
"bghG000402000001001","turquoise"
"bgh05438","turquoise"
"bgh03015","green"
"bgh00738","brown"
"bgh06567","turquoise"
"bgh02620","turquoise"
"bgh02633","turquoise"
"bgh05421","black"
"bgh06082","turquoise"
"bgh03492","magenta"
"bgh05720","brown"
"bgh02942","brown"
"bgh04026","green"
"bgh04423","turquoise"
"bghG000408000001001","turquoise"
"bgh02948","red"
"bgh06593","magenta"
"bgh02838","green"
"bgh02545","brown"
"bgh04166","red"
"bgh02878","blue"
"bgh00296","green"
"bgh04165","yellow"
"bgh05262","blue"
"bgh03320","blue"
"bgh04164","turquoise"
"bghG000417000001001","brown"
"bgh03875","green"
"bgh04163","green"
"bgh05067","green"
"bgh02214","brown"
"bgh02768","yellow"
"bgh02765","blue"
"bgh02767","green"
"bgh05291","blue"
"bgh02929","turquoise"
"bgh04010","turquoise"
"bgh04162","blue"
"bgh00348","blue"
"bgh02933","brown"
"bgh04009","brown"
"bgh01817","yellow"
"bgh04008","blue"
"bgh03108","purple"
"bgh01820","blue"
"bgh03752","green"
"bgh05020","red"
"bgh05075","pink"
"bgh05129","blue"
"bgh00093","turquoise"
"bgh06914","yellow"
"bghG000425000001001","blue"
"bgh01647","green"
"bgh01823","red"
"bgh02640","brown"
"bgh03795","yellow"
"bghG000425000002001","brown"
"bgh00134","red"
"bgh03999","brown"
"bgh04007","turquoise"
"bgh02329","brown"
"bgh04000","turquoise"
"bgh01142","blue"
"bgh05305","turquoise"
"bgh04954","turquoise"
"bgh01558","blue"
"bgh02741","yellow"
"bgh03998","magenta"
"bgh04958","magenta"
"bgh05288","turquoise"
"bgh01560","yellow"
"bgh02932","yellow"
"bgh02931","red"
"bgh03997","blue"
"bgh01564","turquoise"
"bgh02466","blue"
"bgh03043","blue"
"bgh06790","purple"
"bgh03873","brown"
"bgh02601","turquoise"
"bgh02697","black"
"bgh06347","yellow"
"bgh03773","turquoise"
"bgh02705","green"
"bgh03996","brown"
"bgh01561","yellow"
"bgh01562","magenta"
"bgh03994","yellow"
"bgh03991","blue"
"bgh03992","yellow"
"bgh03993","magenta"
"bgh06577","blue"
"bghG000441000001001","blue"
"bgh03841","brown"
"bgh02798","turquoise"
"bgh06644","blue"
"bgh03849","blue"
"bgh03839","turquoise"
"bghG000447000001001","turquoise"
"bgh02930","brown"
"bgh03840","green"
"bgh03838","purple"
"bgh03000","yellow"
"bgh03004","turquoise"
"bgh03428","brown"
"bgh03435","black"
"bgh03815","yellow"
"bgh06443","red"
"bgh05518","yellow"
"bgh00089","red"
"bgh02263","turquoise"
"bgh05464","black"
"bgh03330","blue"
"bgh04530","yellow"
"bghG000458000001001","brown"
"bghG000459000001001","brown"
"bgh06542","brown"
"bgh03919","brown"
"bgh03923","blue"
"bghG000464000001001","turquoise"
"bghG000464000002001","brown"
"bgh03307","blue"
"bgh03229","yellow"
"bgh03460","yellow"
"bgh03531","red"
"bgh04540","brown"
"bgh03208","brown"
"bgh03223","brown"
"bghG000475000001001","yellow"
"bgh00350","red"
"bgh04544","blue"
"bgh01064","pink"
"bgh06211","turquoise"
"bgh03680","blue"
"bgh05970","yellow"
"bgh01063","green"
"bgh00494","pink"
"bgh03184","purple"
"bgh03195","yellow"
"bgh02535","blue"
"bgh02536","yellow"
"bgh04431","red"
"bgh04430","brown"
"bgh06086","green"
"bgh04429","blue"
"bgh05385","yellow"
"bgh00937","blue"
"bgh03678","red"
"bgh03961","turquoise"
"bgh06318","yellow"
"bgh04003","turquoise"
"bgh04296","brown"
"bgh01348","yellow"
"bgh04432","turquoise"
"bgh05756","turquoise"
"bgh00489","green"
"bghG000509000001001","brown"
"bgh04546","magenta"
"bgh04794","purple"
"bgh03383","turquoise"
"bghG000510000001001","turquoise"
"bgh05364","blue"
"bgh05098","turquoise"
"bghG000514000001001","green"
"bghG000518000001001","turquoise"
"bgh01375","yellow"
"bgh04885","yellow"
"bgh01374","green"
"bgh01134","brown"
"bgh04887","turquoise"
"bgh01534","red"
"bgh01597","red"
"bgh03217","red"
"bgh03218","green"
"bgh01539","yellow"
"bgh03601","blue"
"bgh06928","turquoise"
"bgh03105","blue"
"bgh03106","turquoise"
"bgh03107","yellow"
"bgh03100","yellow"
"bgh06441","red"
"bgh00286","turquoise"
"bgh01542","turquoise"
"bgh00126","red"
"bgh02881","green"
"bgh06529","green"
"bgh01129","red"
"bgh00914","red"
"bgh01139","turquoise"
"bgh01332","red"
"bgh01598","turquoise"
"bgh02882","green"
"bgh05381","green"
"bgh01957","turquoise"
"bghG000556000001001","brown"
"bgh00018","brown"
"bgh02753","brown"
"bgh02885","blue"
"bgh05521","blue"
"bgh00312","yellow"
"bgh00313","turquoise"
"bgh00198","red"
"bgh01135","green"
"bgh05331","turquoise"
"bgh05752","green"
"bgh03064","turquoise"
"bgh03030","red"
"bgh02375","turquoise"
"bgh01660","turquoise"
"bgh00540","blue"
"bgh01353","yellow"
"bgh01140","brown"
"bgh01141","turquoise"
"bgh01219","black"
"bgh01132","green"
"bgh02716","turquoise"
"bgh02720","black"
"bgh02886","red"
"bgh01346","black"
"bgh02879","turquoise"
"bgh02888","blue"
"bghG000584000001001","blue"
"bgh00001","green"
"bgh00217","turquoise"
"bgh05724","turquoise"
"bgh06671","red"
"bgh01606","brown"
"bgh02944","blue"
"bgh05612","blue"
"bgh02598","blue"
"bgh05812","yellow"
"bgh06503","blue"
"bgh02596","turquoise"
"bgh00307","blue"
"bgh00990","yellow"
"bgh03198","green"
"bgh05937","magenta"
"bgh06005","yellow"
"bghG000610000001001","blue"
"bgh04608","red"
"bgh04611","black"
"bgh00241","brown"
"bgh05209","black"
"bgh03970","brown"
"bgh06587","brown"
"bghG000610000002001","blue"
"bgh04614","blue"
"bgh04690","blue"
"bgh04416","red"
"bgh01137","black"
"bgh04419","brown"
"bghG000619000001001","red"
"bgh06069","brown"
"bgh00112","green"
"bgh00152","yellow"
"bghG000623000001001","green"
"bgh06094","blue"
"bghG000625000001001","blue"
"bgh01046","yellow"
"bgh04178","pink"
"bgh05819","red"
"bgh05956","yellow"
"bgh03070","yellow"
"bgh04173","yellow"
"bgh04175","turquoise"
"bgh05727","blue"
"bgh05802","brown"
"bgh01048","blue"
"bgh06964","blue"
"bgh01050","turquoise"
"bgh04172","blue"
"bgh05328","blue"
"bghG000636000001001","turquoise"
"bgh01049","turquoise"
"bgh00125","brown"
"bgh00105","turquoise"
"bghG000646000001001","brown"
"bgh01045","blue"
"bgh03378","black"
"bgh04831","green"
"bgh06526","turquoise"
"bghG000653000001001","brown"
"bghG000655000001001","blue"
"bgh02989","brown"
"bgh03900","turquoise"
"bgh00765","blue"
"bgh03521","turquoise"
"bgh06846","turquoise"
"bghG000663000001001","turquoise"
"bghG000663000002001","blue"
"bgh02981","black"
"bgh00552","brown"
"bgh04934","turquoise"
"bghG000679000001001","blue"
"bgh00281","green"
"bgh06147","turquoise"
"bgh00497","blue"
"bgh03123","yellow"
"bgh01344","turquoise"
"bgh03125","yellow"
"bgh04989","turquoise"
"bgh01922","brown"
"bgh01924","blue"
"bgh00557","turquoise"
"bgh01927","turquoise"
"bghG000682000001001","blue"
"bgh01923","brown"
"bgh05552","yellow"
"bghG000684000003001","black"
"bghG000684000004001","blue"
"bgh04578","brown"
"bghG000684000001001","red"
"bgh00936","red"
"bghG000684000002001","blue"
"bgh02557","red"
"bgh05268","red"
"bgh01340","blue"
"bgh04993","blue"
"bgh06589","brown"
"bgh02530","turquoise"
"bghG000685000002001","blue"
"bgh05315","brown"
"bgh01343","brown"
"bgh01345","brown"
"bgh02834","pink"
"bgh01347","green"
"bgh01356","turquoise"
"bgh05341","yellow"
"bgh03523","red"
"bghG000692000001001","turquoise"
"bgh00611","turquoise"
"bgh04649","turquoise"
"bgh02946","red"
"bgh05641","turquoise"
"bgh01349","turquoise"
"bgh01350","green"
"bgh04990","turquoise"
"bgh02947","blue"
"bgh04042","blue"
"bgh01354","brown"
"bgh05975","red"
"bgh01352","turquoise"
"bghG000697000001001","yellow"
"bgh01359","brown"
"bgh01355","blue"
"bgh02532","turquoise"
"bgh03022","turquoise"
"bghG000700000001001","blue"
"bgh00189","blue"
"bgh05483","turquoise"
"bgh02540","blue"
"bgh03067","blue"
"bgh03668","brown"
"bgh02542","brown"
"bgh06775","yellow"
"bgh03086","blue"
"bgh05989","yellow"
"bgh03091","blue"
"bgh02548","red"
"bghG000714000001001","turquoise"
"bgh02549","green"
"bgh04514","pink"
"bghG000718000001001","turquoise"
"bgh01989","turquoise"
"bgh03103","brown"
"bgh06932","magenta"
"bgh00159","green"
"bgh01762","brown"
"bgh03113","blue"
"bgh03110","turquoise"
"bghG000724000001001","turquoise"
"bghG000724000002001","brown"
"bgh03185","brown"
"bgh04941","blue"
"bghG000726000001001","turquoise"
"bgh04942","yellow"
"bgh01557","blue"
"bgh05481","green"
"bghG000738000001001","turquoise"
"bgh03148","turquoise"
"bgh02865","magenta"
"bgh06793","yellow"
"bghG000741000001001","turquoise"
"bgh00555","brown"
"bgh02283","blue"
"bgh06036","yellow"
"bgh02862","blue"
"bgh02963","yellow"
"bgh03149","blue"
"bgh00257","turquoise"
"bgh02268","yellow"
"bgh05634","turquoise"
"bghG000745000001001","black"
"bgh05108","pink"
"bgh05895","yellow"
"bgh06270","brown"
"bgh03246","blue"
"bgh02551","brown"
"bgh03151","black"
"bgh03234","turquoise"
"bgh06726","brown"
"bgh03152","brown"
"bgh05668","turquoise"
"bgh03237","yellow"
"bgh03242","black"
"bgh03244","green"
"bghG000748000001001","brown"
"bgh05175","blue"
"bgh05539","blue"
"bgh05354","yellow"
"bghG000749000001001","blue"
"bgh03154","turquoise"
"bgh05821","turquoise"
"bgh03155","turquoise"
"bgh05336","turquoise"
"bgh03987","red"
"bgh04567","yellow"
"bgh02141","blue"
"bgh03954","black"
"bgh03500","green"
"bghG000760000001001","magenta"
"bgh00303","red"
"bgh03209","blue"
"bghG000770000001001","blue"
"bgh01575","turquoise"
"bgh03549","green"
"bgh00072","blue"
"bgh02529","blue"
"bgh04005","blue"
"bgh04694","turquoise"
"bgh01576","turquoise"
"bgh03871","blue"
"bgh00045","blue"
"bgh00209","yellow"
"bgh01418","yellow"
"bgh01578","blue"
"bgh01582","yellow"
"bgh01583","blue"
"bghG000775000001001","turquoise"
"bghG000776000001001","turquoise"
"bgh05713","brown"
"bgh01055","green"
"bghG000792000001001","blue"
"bghG000802000001001","turquoise"
"bgh01006","turquoise"
"bghG000803000001001","turquoise"
"bghG000803000002001","turquoise"
"bgh00014","turquoise"
"bgh06734","turquoise"
"bgh01193","turquoise"
"bgh00044","turquoise"
"bgh06766","turquoise"
"bghG000855000001001","green"
"bghG000856000001001","turquoise"
"bghG000860000001001","turquoise"
"bgh01043","green"
"bgh00065","turquoise"
"bgh01044","brown"
"bgh01105","turquoise"
"bgh06566","blue"
"bgh05143","brown"
"bghG000897000001001","turquoise"
"bgh00468","magenta"
"bgh01194","brown"
"bghG000918000003001","turquoise"
"bgh01723","brown"
"bgh05908","turquoise"
"bgh02018","pink"
"bghG000924000001001","turquoise"
"bgh04815","brown"
"bghG000925000001001","turquoise"
"bghG000927000001001","red"
"bgh00486","blue"
"bgh04804","blue"
"bgh04810","brown"
"bgh00024","turquoise"
"bghG000929000001001","turquoise"
"bgh00477","yellow"
"bgh02525","turquoise"
"bghG000935000001001","brown"
"bgh00488","brown"
"bgh04087","red"
"bgh02389","turquoise"
"bgh05455","brown"
"bgh00485","blue"
"bgh01752","blue"
"bghG000944000001001","brown"
"bgh01706","turquoise"
"bgh04884","brown"
"bgh00469","yellow"
"bgh06083","brown"
"bghG000946000001001","brown"
"bgh01710","blue"
"bgh00470","green"
"bgh00482","blue"
"bgh00484","turquoise"
"bgh04817","brown"
"bgh00011","blue"
"bgh00770","blue"
"bgh02396","red"
"bgh02484","yellow"
"bgh06673","yellow"
"bgh04820","blue"
"bgh05251","yellow"
"bgh00403","yellow"
"bgh01715","yellow"
"bgh02485","black"
"bgh01530","turquoise"
"bgh00471","black"
"bgh00480","turquoise"
"bgh05423","brown"
"bgh00479","turquoise"
"bgh00487","turquoise"
"bgh02492","turquoise"
"bgh00481","yellow"
"bgh04822","blue"
"bgh00472","blue"
"bgh00473","yellow"
"bgh00478","turquoise"
"bgh01824","turquoise"
"bgh05301","turquoise"
"bghG000961000002001","yellow"
"bghG000961000001001","blue"
"bgh02785","green"
"bgh01565","yellow"
"bgh01692","yellow"
"bgh01695","black"
"bgh06316","brown"
"bgh06332","black"
"bghG000964000001001","blue"
"bgh01567","turquoise"
"bgh02790","brown"
"bgh00834","turquoise"
"bgh01839","blue"
"bgh05869","blue"
"bgh00175","red"
"bgh00260","red"
"bgh02415","yellow"
"bgh05791","turquoise"
"bgh04920","green"
"bgh03714","red"
"bgh05349","red"
"bgh02407","brown"
"bgh06460","yellow"
"bghG000997000001001","red"
"bghG000997000002001","yellow"
"bgh02508","brown"
"bgh03906","red"
"bgh04858","yellow"
"bgh06079","purple"
"bgh00753","blue"
"bgh02967","turquoise"
"bgh03905","yellow"
"bghG001014000001001","turquoise"
"bgh00423","blue"
"bgh00445","brown"
"bgh02905","turquoise"
"bgh05525","blue"
"bgh00474","brown"
"bgh03907","brown"
"bgh00433","yellow"
"bgh04851","yellow"
"bghG001015000001001","turquoise"
"bgh04654","brown"
"bgh00422","red"
"bgh02952","blue"
"bgh03522","turquoise"
"bghG001016000001001","turquoise"
"bgh00444","turquoise"
"bgh04658","turquoise"
"bgh06124","blue"
"bgh05948","blue"
"bgh00400","blue"
"bgh01626","yellow"
"bgh02024","red"
"bgh02671","blue"
"bgh00421","yellow"
"bgh04653","turquoise"
"bgh03467","yellow"
"bgh03468","turquoise"
"bgh05473","green"
"bgh03114","blue"
"bgh03117","turquoise"
"bgh03802","yellow"
"bgh02362","turquoise"
"bgh01984","blue"
"bgh01985","blue"
"bgh00501","red"
"bgh00206","turquoise"
"bgh04462","brown"
"bgh04539","green"
"bgh04640","brown"
"bgh05920","brown"
"bgh06767","blue"
"bgh00201","green"
"bgh00202","pink"
"bgh00203","turquoise"
"bgh00205","turquoise"
"bgh04680","turquoise"
"bgh00212","yellow"
"bgh04647","blue"
"bgh05169","green"
"bgh00204","pink"
"bgh06259","green"
"bghG001053000001001","brown"
"bgh01950","red"
"bgh05121","blue"
"bgh04862","red"
"bghG001056000001001","blue"
"bgh02831","brown"
"bgh02832","brown"
"bgh02839","yellow"
"bgh01001","blue"
"bgh01869","green"
"bgh00199","turquoise"
"bgh04346","green"
"bgh06010","brown"
"bgh04338","yellow"
"bgh05935","turquoise"
"bghG001077000001001","brown"
"bghG001077000002001","brown"
"bgh05810","turquoise"
"bghG001078000001001","brown"
"bghG001078000002001","turquoise"
"bgh04337","blue"
"bgh04354","yellow"
"bgh04356","brown"
"bgh04351","turquoise"
"bgh04352","turquoise"
"bgh04332","brown"
"bgh04349","blue"
"bgh01884","green"
"bgh04348","turquoise"
"bghG001081000001001","turquoise"
"bghG001082000001001","brown"
"bghG001082000002001","turquoise"
"bghG001082000003001","turquoise"
"bgh06733","brown"
"bgh04379","turquoise"
"bghG001089000001001","brown"
"bgh05394","turquoise"
"bgh02908","blue"
"bgh03517","turquoise"
"bgh05663","blue"
"bgh00852","green"
"bgh06777","turquoise"
"bgh01157","turquoise"
"bgh02554","turquoise"
"bgh06177","brown"
"bgh04919","brown"
"bgh04512","brown"
"bghG001105000001001","green"
"bgh04510","turquoise"
"bgh05683","blue"
"bgh01151","yellow"
"bgh01154","blue"
"bgh01155","red"
"bgh01153","brown"
"bgh01156","black"
"bghG001111000001001","blue"
"bgh02907","turquoise"
"bgh02241","turquoise"
"bgh03033","blue"
"bgh04796","blue"
"bgh06455","blue"
"bgh06479","blue"
"bgh06409","pink"
"bgh01875","yellow"
"bgh03014","brown"
"bghG001129000001001","magenta"
"bgh01619","turquoise"
"bgh03016","yellow"
"bgh01898","turquoise"
"bgh06869","turquoise"
"bgh04787","brown"
"bgh03172","blue"
"bgh05024","brown"
"bgh05026","brown"
"bgh02794","blue"
"bgh01684","turquoise"
"bgh01699","turquoise"
"bghG001151000001001","brown"
"bghG001154000002001","brown"
"bghG001154000001001","magenta"
"bghG001155000001001","red"
"bghG001155000002001","turquoise"
"bghG001155000003001","turquoise"
"bgh01568","green"
"bgh05910","brown"
"bgh00054","turquoise"
"bgh02334","brown"
"bgh02446","yellow"
"bgh06596","turquoise"
"bgh01871","black"
"bghG001169000001001","brown"
"bgh05350","blue"
"bgh05666","turquoise"
"bghG001171000001001","turquoise"
"bgh00908","turquoise"
"bgh00905","turquoise"
"bgh05232","green"
"bgh05241","red"
"bgh04602","turquoise"
"bgh04621","brown"
"bgh04624","brown"
"bghG001184000001001","blue"
"bgh03285","blue"
"bgh03294","yellow"
"bgh06842","blue"
"bgh00916","yellow"
"bgh03292","turquoise"
"bgh03296","turquoise"
"bgh04626","brown"
"bgh00917","yellow"
"bgh00384","yellow"
"bgh03300","yellow"
"bgh00910","red"
"bgh04625","pink"
"bgh00918","turquoise"
"bgh04573","magenta"
"bgh05617","yellow"
"bgh00919","blue"
"bghG001199000001001","turquoise"
"bgh03450","blue"
"bgh02333","yellow"
"bgh04792","red"
"bgh00104","turquoise"
"bgh05237","blue"
"bgh05577","blue"
"bgh02330","yellow"
"bgh04988","black"
"bgh04604","black"
"bgh00911","magenta"
"bgh00709","blue"
"bgh02360","pink"
"bgh04006","brown"
"bgh00920","green"
"bgh00912","turquoise"
"bgh05264","green"
"bgh04102","turquoise"
"bgh04949","yellow"
"bghG001219000001001","pink"
"bghG001219000002001","brown"
"bgh02314","blue"
"bgh03662","red"
"bgh05549","blue"
"bgh06736","brown"
"bgh03297","red"
"bgh03806","green"
"bghG001225000001001","brown"
"bgh00913","brown"
"bghG001226000001001","brown"
"bgh00915","green"
"bgh03074","red"
"bghG001246000001001","blue"
"bgh04606","yellow"
"bgh03927","turquoise"
"bgh06233","turquoise"
"bgh04607","brown"
"bgh01979","brown"
"bgh03950","blue"
"bgh04121","black"
"bgh02892","yellow"
"bgh05265","blue"
"bgh02200","blue"
"bgh00027","turquoise"
"bgh04207","purple"
"bgh00525","turquoise"
"bgh02213","turquoise"
"bgh03930","green"
"bgh01108","green"
"bgh04208","purple"
"bgh06822","red"
"bgh01865","black"
"bgh01111","brown"
"bgh01866","turquoise"
"bgh01864","blue"
"bgh04901","blue"
"bgh02463","turquoise"
"bgh00078","blue"
"bgh06117","turquoise"
"bgh01106","green"
"bgh01109","red"
"bgh04203","purple"
"bgh05384","brown"
"bgh06326","blue"
"bghG001300000001001","blue"
"bgh02639","green"
"bgh03021","blue"
"bgh01191","blue"
"bgh01204","turquoise"
"bgh01205","brown"
"bgh03178","yellow"
"bgh04641","yellow"
"bgh01206","black"
"bgh01226","brown"
"bgh01203","green"
"bgh01201","black"
"bgh03734","brown"
"bgh03735","brown"
"bgh00153","turquoise"
"bgh04739","brown"
"bgh04781","brown"
"bgh04914","brown"
"bgh01196","turquoise"
"bgh01202","brown"
"bgh02897","brown"
"bgh00287","red"
"bgh00499","turquoise"
"bgh06019","green"
"bgh04916","turquoise"
"bgh06839","blue"
"bghG001310000001001","blue"
"bgh01269","green"
"bgh01330","turquoise"
"bgh01541","turquoise"
"bgh04776","blue"
"bgh01199","green"
"bgh00599","turquoise"
"bgh01192","blue"
"bgh01195","brown"
"bghG001319000001001","blue"
"bgh00594","blue"
"bgh01421","turquoise"
"bgh06376","turquoise"
"bgh01258","yellow"
"bgh00082","green"
"bgh03547","brown"
"bgh01257","green"
"bgh01259","blue"
"bghG001336000001001","turquoise"
"bgh01535","blue"
"bgh00320","green"
"bgh00321","blue"
"bghG001340000001001","red"
"bgh04372","blue"
"bgh05864","blue"
"bgh05178","brown"
"bgh04375","green"
"bgh01832","turquoise"
"bgh04376","green"
"bgh01829","yellow"
"bgh01830","turquoise"
"bgh00393","turquoise"
"bgh00838","turquoise"
"bgh04388","red"
"bgh06199","blue"
"bgh06880","black"
"bgh04392","yellow"
"bgh00839","turquoise"
"bgh04400","turquoise"
"bgh05472","blue"
"bgh00842","yellow"
"bgh00840","pink"
"bgh04403","brown"
"bghG001365000001001","turquoise"
"bghG001365000002001","blue"
"bgh02909","brown"
"bgh02910","blue"
"bgh02911","green"
"bgh06390","blue"
"bgh05487","turquoise"
"bgh00379","red"
"bgh02319","turquoise"
"bgh02588","magenta"
"bgh03324","yellow"
"bgh02295","turquoise"
"bgh02305","brown"
"bgh03881","yellow"
"bgh02285","blue"
"bgh03409","turquoise"
"bghG001380000003001","turquoise"
"bgh02284","yellow"
"bgh02287","turquoise"
"bgh02290","turquoise"
"bghG001380000002001","turquoise"
"bghG001380000004001","green"
"bgh04353","yellow"
"bghG001381000001001","turquoise"
"bgh03775","yellow"
"bgh05318","blue"
"bghG001382000001001","blue"
"bgh02017","blue"
"bgh06936","black"
"bgh01689","blue"
"bgh06275","brown"
"bgh01678","brown"
"bgh01693","blue"
"bgh02320","blue"
"bgh02976","turquoise"
"bgh02982","yellow"
"bgh02985","yellow"
"bgh01674","blue"
"bgh01686","yellow"
"bgh06157","turquoise"
"bgh06277","red"
"bgh06439","turquoise"
"bgh01697","blue"
"bghG001398000003001","blue"
"bghG001398000004001","blue"
"bgh01688","blue"
"bghG001398000001001","turquoise"
"bghG001398000005001","red"
"bgh00308","green"
"bgh01067","green"
"bghG001400000003001","turquoise"
"bghG001400000001001","green"
"bgh04317","turquoise"
"bgh01786","turquoise"
"bgh04935","turquoise"
"bghG001414000001001","turquoise"
"bghG001423000001001","turquoise"
"bghG001435000001001","green"
"bgh03767","turquoise"
"bgh03772","pink"
"bgh04922","brown"
"bgh04929","turquoise"
"bghG001439000001001","brown"
"bgh01133","green"
"bgh06296","pink"
"bgh01013","blue"
"bgh04327","blue"
"bgh01020","yellow"
"bgh01018","blue"
"bgh04406","turquoise"
"bgh00110","red"
"bgh04409","turquoise"
"bgh05951","turquoise"
"bgh00277","brown"
"bgh04137","brown"
"bgh01017","turquoise"
"bgh06760","blue"
"bgh00032","green"
"bgh01016","blue"
"bgh03546","brown"
"bgh03449","turquoise"
"bgh01775","red"
"bgh06328","red"
"bgh05503","yellow"
"bghG001460000002001","brown"
"bgh00101","turquoise"
"bgh06361","yellow"
"bgh01738","black"
"bgh00860","brown"
"bgh04404","yellow"
"bgh01015","yellow"
"bghG001465000001001","turquoise"
"bgh03562","magenta"
"bgh01731","green"
"bgh03157","yellow"
"bgh01746","yellow"
"bgh03831","green"
"bgh03384","red"
"bgh04997","blue"
"bgh03485","blue"
"bgh03486","turquoise"
"bgh02384","blue"
"bgh02387","yellow"
"bgh02390","red"
"bgh05283","blue"
"bgh04762","brown"
"bgh03232","brown"
"bgh03233","yellow"
"bgh00155","brown"
"bgh01164","yellow"
"bgh06386","red"
"bgh00036","black"
"bgh01170","green"
"bgh04520","blue"
"bgh05701","red"
"bgh01169","turquoise"
"bgh01168","turquoise"
"bgh01163","brown"
"bgh00791","blue"
"bgh02964","green"
"bgh02940","yellow"
"bgh02958","blue"
"bgh03578","blue"
"bgh01162","blue"
"bgh01008","green"
"bgh05027","turquoise"
"bgh00789","brown"
"bgh04964","turquoise"
"bgh02346","blue"
"bghG001507000001001","red"
"bgh06128","turquoise"
"bgh06615","blue"
"bgh05374","red"
"bgh02665","red"
"bgh00315","turquoise"
"bgh03121","turquoise"
"bgh05141","yellow"
"bgh02799","turquoise"
"bgh02800","yellow"
"bgh02801","magenta"
"bghG001521000001001","magenta"
"bgh04677","brown"
"bgh04687","turquoise"
"bgh04556","brown"
"bgh00142","green"
"bgh04557","yellow"
"bgh04558","black"
"bgh04560","yellow"
"bgh04684","blue"
"bgh06021","turquoise"
"bgh04701","blue"
"bgh02527","blue"
"bgh04705","turquoise"
"bgh06103","green"
"bgh02526","blue"
"bgh02088","purple"
"bgh03374","black"
"bgh03528","pink"
"bgh04587","yellow"
"bgh04590","brown"
"bgh04691","yellow"
"bgh05954","yellow"
"bgh00061","red"
"bgh04562","yellow"
"bgh04564","turquoise"
"bgh01414","yellow"
"bghG001544000001001","blue"
"bgh06576","yellow"
"bgh02880","turquoise"
"bgh04679","blue"
"bgh04697","turquoise"
"bgh05904","red"
"bgh01427","blue"
"bgh03652","pink"
"bgh04709","red"
"bgh00885","green"
"bgh06088","blue"
"bgh01426","turquoise"
"bgh02421","turquoise"
"bgh04833","black"
"bgh06659","yellow"
"bghG001547000001001","brown"
"bgh00259","turquoise"
"bgh02787","brown"
"bgh03510","yellow"
"bgh03660","brown"
"bgh04957","brown"
"bgh03698","brown"
"bgh04059","blue"
"bgh04927","green"
"bgh03303","pink"
"bgh05034","green"
"bgh06243","brown"
"bgh01904","blue"
"bgh04086","green"
"bgh06693","yellow"
"bgh01905","blue"
"bgh01901","brown"
"bgh01902","turquoise"
"bgh00510","blue"
"bgh00511","blue"
"bgh02623","yellow"
"bgh02631","blue"
"bgh06549","blue"
"bghG001582000001001","red"
"bghG001582000002001","blue"
"bgh00585","blue"
"bgh03372","yellow"
"bgh03847","yellow"
"bgh05545","turquoise"
"bgh00431","red"
"bgh04633","brown"
"bgh00102","green"
"bgh00475","red"
"bgh04118","turquoise"
"bgh03580","turquoise"
"bgh00364","turquoise"
"bgh00548","yellow"
"bghG001596000001001","black"
"bgh03483","yellow"
"bgh03491","pink"
"bgh05111","turquoise"
"bgh04910","green"
"bgh04939","purple"
"bghG001597000001001","brown"
"bgh00567","brown"
"bgh00623","yellow"
"bgh05348","brown"
"bgh03127","brown"
"bgh06687","turquoise"
"bgh01150","brown"
"bgh03497","brown"
"bgh01149","green"
"bgh04397","green"
"bgh04411","turquoise"
"bgh05330","yellow"
"bgh00538","turquoise"
"bgh01749","green"
"bghG001615000001001","brown"
"bgh04407","blue"
"bgh01062","red"
"bgh01224","yellow"
"bgh01225","yellow"
"bgh04380","yellow"
"bgh04386","brown"
"bgh04405","pink"
"bgh02369","brown"
"bgh04975","blue"
"bgh01131","blue"
"bgh01148","turquoise"
"bgh04340","yellow"
"bgh04334","green"
"bghG001631000001001","turquoise"
"bgh04329","blue"
"bgh01128","blue"
"bgh00008","black"
"bgh01146","turquoise"
"bgh04328","brown"
"bghG001631000002001","brown"
"bgh01130","brown"
"bgh04336","red"
"bgh01126","turquoise"
"bgh06968","red"
"bgh04371","blue"
"bgh05553","brown"
"bgh03676","brown"
"bgh04325","turquoise"
"bgh05779","blue"
"bghG001634000001001","pink"
"bghG001634000002001","turquoise"
"bgh00535","turquoise"
"bgh00536","yellow"
"bghG001640000001001","blue"
"bghG001641000002001","turquoise"
"bgh02188","blue"
"bgh02190","yellow"
"bgh02179","turquoise"
"bgh03598","black"
"bgh03314","brown"
"bgh03600","yellow"
"bgh05038","turquoise"
"bgh05039","blue"
"bgh02181","blue"
"bgh00040","turquoise"
"bgh01740","brown"
"bgh02980","turquoise"
"bgh02180","blue"
"bgh02189","red"
"bgh04908","turquoise"
"bgh04161","blue"
"bghG001668000001001","blue"
"bgh00528","green"
"bgh04157","red"
"bghG001668000002001","brown"
"bgh00283","green"
"bgh02959","red"
"bgh04084","black"
"bgh06067","yellow"
"bgh06438","yellow"
"bghG001669000001001","red"
"bghG001669000002001","yellow"
"bgh01351","turquoise"
"bgh04117","blue"
"bgh04158","green"
"bgh01425","turquoise"
"bgh04115","turquoise"
"bgh04116","blue"
"bgh06385","brown"
"bghG001673000001001","brown"
"bgh00434","turquoise"
"bgh05342","green"
"bgh03845","red"
"bgh04160","red"
"bgh04811","blue"
"bgh05005","yellow"
"bgh00074","pink"
"bgh05006","blue"
"bgh02995","brown"
"bghG001676000001001","blue"
"bgh02291","turquoise"
"bgh03857","turquoise"
"bgh04191","yellow"
"bgh06238","brown"
"bgh06688","magenta"
"bgh04156","pink"
"bgh04186","turquoise"
"bgh04190","brown"
"bgh04193","turquoise"
"bgh05780","green"
"bgh04159","blue"
"bgh04806","blue"
"bgh00617","brown"
"bgh03922","brown"
"bgh03995","brown"
"bgh02220","blue"
"bgh05995","red"
"bgh01625","green"
"bgh02221","brown"
"bgh01624","red"
"bgh02219","green"
"bgh05751","turquoise"
"bgh02774","turquoise"
"bgh03457","green"
"bgh02197","red"
"bgh02071","brown"
"bgh03041","turquoise"
"bgh02894","yellow"
"bgh03039","green"
"bgh04756","yellow"
"bgh05574","blue"
"bghG001755000001001","turquoise"
"bgh02070","blue"
"bghG001760000001001","brown"
"bgh04374","brown"
"bgh01594","yellow"
"bgh01601","pink"
"bgh02763","blue"
"bgh06139","turquoise"
"bghG001764000002001","blue"
"bgh05594","black"
"bgh06816","blue"
"bgh01182","blue"
"bgh00767","brown"
"bgh03257","green"
"bgh03481","green"
"bgh06847","turquoise"
"bgh04529","black"
"bgh00518","yellow"
"bgh01605","brown"
"bgh01607","yellow"
"bghG001796000001001","blue"
"bgh01611","turquoise"
"bgh06537","turquoise"
"bgh05106","brown"
"bgh05917","brown"
"bgh01588","blue"
"bgh05104","brown"
"bgh05105","turquoise"
"bgh02073","yellow"
"bgh01429","black"
"bgh02659","blue"
"bgh06832","yellow"
"bgh00426","blue"
"bgh04899","purple"
"bgh00986","blue"
"bgh05271","blue"
"bgh05816","yellow"
"bgh01161","blue"
"bgh01166","magenta"
"bgh04394","green"
"bgh04399","red"
"bgh06261","blue"
"bgh01158","turquoise"
"bgh03615","blue"
"bgh00325","blue"
"bgh03495","purple"
"bgh00324","blue"
"bgh00746","black"
"bgh04387","pink"
"bgh04758","turquoise"
"bghG001850000001001","turquoise"
"bgh05963","yellow"
"bgh00747","blue"
"bgh02666","turquoise"
"bgh04390","blue"
"bgh04370","green"
"bgh05061","turquoise"
"bgh05618","black"
"bghG001852000001001","brown"
"bghG001855000001001","turquoise"
"bghG001855000003001","brown"
"bgh00744","turquoise"
"bgh00760","brown"
"bghG001857000001001","turquoise"
"bgh00749","blue"
"bgh00751","yellow"
"bgh00759","yellow"
"bgh00756","blue"
"bgh00131","turquoise"
"bghG001874000001001","turquoise"
"bgh02561","blue"
"bgh05786","blue"
"bgh02398","blue"
"bgh06417","brown"
"bgh00326","turquoise"
"bgh00967","yellow"
"bgh00297","blue"
"bgh00970","turquoise"
"bgh00977","brown"
"bgh00520","blue"
"bgh00975","turquoise"
"bgh00226","blue"
"bgh00973","blue"
"bgh00966","yellow"
"bgh00976","blue"
"bgh05800","red"
"bgh00972","green"
"bgh00609","red"
"bgh00965","turquoise"
"bghG001885000001001","magenta"
"bgh00580","turquoise"
"bghG001886000001001","blue"
"bghG001886000002001","yellow"
"bgh03655","yellow"
"bgh00964","turquoise"
"bgh00974","green"
"bgh02585","yellow"
"bghG001889000001001","turquoise"
"bghG001889000002001","turquoise"
"bgh00971","turquoise"
"bgh02461","yellow"
"bgh02462","red"
"bghG001891000001001","turquoise"
"bgh00962","brown"
"bgh04295","turquoise"
"bgh01571","brown"
"bgh05316","turquoise"
"bghG001904000001001","yellow"
"bgh00720","yellow"
"bgh04659","blue"
"bgh05277","blue"
"bgh05605","black"
"bgh00252","blue"
"bgh05077","brown"
"bgh06325","blue"
"bgh04671","green"
"bghG001909000003001","brown"
"bgh03960","brown"
"bgh05712","turquoise"
"bghG001909000001001","brown"
"bghG001909000002001","blue"
"bgh01042","green"
"bgh03948","brown"
"bgh05120","brown"
"bghG001922000001001","green"
"bgh05823","blue"
"bgh06394","blue"
"bgh06825","green"
"bghG001922000002001","brown"
"bghG001922000003001","turquoise"
"bghG001922000004001","turquoise"
"bghG001947000001001","green"
"bgh03568","turquoise"
"bgh03464","turquoise"
"bgh02262","green"
"bgh02778","turquoise"
"bgh02836","turquoise"
"bgh05065","green"
"bgh03112","green"
"bgh03196","turquoise"
"bgh00121","green"
"bgh05565","red"
"bgh06810","blue"
"bgh00158","green"
"bgh03516","green"
"bgh04287","green"
"bgh04304","turquoise"
"bgh00080","yellow"
"bgh03312","red"
"bgh00185","turquoise"
"bgh02552","yellow"
"bgh02566","yellow"
"bgh00628","turquoise"
"bgh05889","yellow"
"bgh06885","brown"
"bgh00682","blue"
"bgh00681","yellow"
"bgh00853","green"
"bgh04525","yellow"
"bgh00255","green"
"bgh02158","blue"
"bgh02156","blue"
"bgh06539","green"
"bgh02154","green"
"bgh02155","red"
"bgh02157","black"
"bgh00523","brown"
"bgh05952","green"
"bgh01789","red"
"bgh05312","yellow"
"bgh05670","turquoise"
"bgh01650","blue"
"bgh01627","blue"
"bgh00359","green"
"bgh04943","magenta"
"bghG002046000001001","brown"
"bgh03329","blue"
"bgh05036","turquoise"
"bghG002067000001001","brown"
"bgh01147","brown"
"bgh03326","turquoise"
"bgh03717","brown"
"bgh04538","pink"
"bgh02742","purple"
"bgh00713","black"
"bgh04537","blue"
"bgh03558","pink"
"bgh04533","blue"
"bgh04541","brown"
"bgh06367","blue"
"bgh04534","blue"
"bgh04535","blue"
"bghG002084000001001","green"
"bgh00290","brown"
"bgh06379","turquoise"
"bgh06809","green"
"bghG002085000001001","turquoise"
"bgh02259","blue"
"bghG002097000002001","turquoise"
"bghG002102000001001","turquoise"
"bgh01058","blue"
"bgh05317","brown"
"bgh03087","magenta"
"bghG002118000001001","turquoise"
"bgh05359","brown"
"bghG002135000001001","turquoise"
"bghG002135000002001","brown"
"bghG002135000003001","green"
"bgh00904","yellow"
"bgh01600","turquoise"
"bgh01603","green"
"bgh02812","red"
"bghG002148000001001","turquoise"
"bgh03689","turquoise"
"bghG002154000001001","blue"
"bgh03498","brown"
"bgh02169","turquoise"
"bgh02782","red"
"bghG002161000001001","turquoise"
"bgh03686","turquoise"
"bgh01457","brown"
"bgh01465","brown"
"bgh00734","brown"
"bgh01454","blue"
"bgh02855","turquoise"
"bgh01586","green"
"bgh01653","turquoise"
"bgh00837","turquoise"
"bgh01850","yellow"
"bgh02409","turquoise"
"bgh04342","blue"
"bgh02021","blue"
"bgh06776","yellow"
"bgh00584","red"
"bgh01851","yellow"
"bgh01859","pink"
"bgh02068","yellow"
"bgh06866","pink"
"bgh01853","brown"
"bgh01858","green"
"bgh02764","yellow"
"bgh01856","turquoise"
"bgh01857","red"
"bgh04339","magenta"
"bgh05563","black"
"bgh03642","red"
"bgh00769","brown"
"bgh03732","turquoise"
"bgh03733","turquoise"
"bgh05857","blue"
"bgh00023","pink"
"bgh05532","brown"
"bgh01548","blue"
"bgh01550","yellow"
"bgh01721","blue"
"bgh01728","red"
"bgh02495","blue"
"bgh02496","green"
"bgh02904","brown"
"bgh01480","brown"
"bgh06600","brown"
"bghG002218000001001","brown"
"bgh01511","turquoise"
"bgh01725","turquoise"
"bghG002222000001001","green"
"bgh03438","turquoise"
"bgh00409","red"
"bgh04519","brown"
"bgh01547","turquoise"
"bghG002226000001001","brown"
"bghG002227000002001","turquoise"
"bghG002227000001001","brown"
"bghG002228000001001","green"
"bgh06249","black"
"bgh06778","blue"
"bgh01469","green"
"bgh01471","blue"
"bgh05534","brown"
"bgh02165","blue"
"bgh02167","blue"
"bgh05852","black"
"bghG002234000001001","turquoise"
"bgh01553","green"
"bgh01507","yellow"
"bgh06011","blue"
"bgh02166","blue"
"bghG002237000001001","brown"
"bgh01481","red"
"bgh01503","brown"
"bgh01464","yellow"
"bgh06606","blue"
"bgh02260","brown"
"bgh06118","blue"
"bgh01466","blue"
"bgh01483","yellow"
"bgh06745","blue"
"bgh02168","blue"
"bgh03501","pink"
"bghG002240000001001","turquoise"
"bgh01081","yellow"
"bgh00261","magenta"
"bgh02978","blue"
"bgh01079","yellow"
"bgh01080","green"
"bgh02826","turquoise"
"bgh06433","blue"
"bghG002249000001001","brown"
"bghG002249000002001","brown"
"bghG002253000001001","brown"
"bghG002253000002001","brown"
"bghG002254000001001","brown"
"bgh00063","pink"
"bgh05383","red"
"bgh01189","turquoise"
"bgh02076","yellow"
"bgh06353","turquoise"
"bgh02077","green"
"bgh04595","yellow"
"bgh01186","blue"
"bgh01183","yellow"
"bgh02078","red"
"bgh02079","red"
"bghG002256000001001","yellow"
"bghG002256000002001","turquoise"
"bgh01184","pink"
"bgh01187","magenta"
"bgh01188","brown"
"bgh06827","purple"
"bgh01175","turquoise"
"bgh01180","brown"
"bghG002260000001001","brown"
"bgh01178","brown"
"bgh00706","blue"
"bghG002265000001001","turquoise"
"bgh03001","yellow"
"bghG002278000001001","yellow"
"bgh04636","yellow"
"bgh04634","turquoise"
"bgh04635","blue"
"bgh04816","blue"
"bghG002282000001001","yellow"
"bgh00267","yellow"
"bgh04639","turquoise"
"bgh04637","green"
"bgh04809","red"
"bgh05946","yellow"
"bgh04648","yellow"
"bgh04703","blue"
"bgh00147","red"
"bgh02828","turquoise"
"bgh03120","blue"
"bgh02523","turquoise"
"bgh04791","brown"
"bgh03116","turquoise"
"bgh00058","brown"
"bgh04651","blue"
"bgh06699","red"
"bgh05556","blue"
"bghG002294000001001","turquoise"
"bgh02987","turquoise"
"bgh04731","yellow"
"bgh05862","blue"
"bgh04355","turquoise"
"bgh04656","turquoise"
"bgh04782","turquoise"
"bgh00807","blue"
"bgh03591","yellow"
"bgh03761","yellow"
"bgh05516","blue"
"bgh06952","blue"
"bghG002306000001001","brown"
"bgh00729","blue"
"bgh05941","blue"
"bghG002307000001001","yellow"
"bghG002307000002001","brown"
"bghG002309000001001","yellow"
"bgh00829","turquoise"
"bgh02270","brown"
"bgh04760","turquoise"
"bgh05168","yellow"
"bgh06221","brown"
"bgh00828","blue"
"bgh03935","yellow"
"bgh05997","turquoise"
"bgh06214","red"
"bgh00827","yellow"
"bghG002314000001001","yellow"
"bgh00826","yellow"
"bgh00263","turquoise"
"bgh04311","yellow"
"bgh04312","turquoise"
"bgh03265","pink"
"bgh03268","blue"
"bgh00812","yellow"
"bgh01555","black"
"bgh01556","brown"
"bgh04310","turquoise"
"bgh05783","turquoise"
"bgh00806","green"
"bghG002320000001001","red"
"bgh03269","turquoise"
"bgh01159","green"
"bgh02920","blue"
"bgh05878","turquoise"
"bgh06355","brown"
"bgh04526","brown"
"bgh01554","turquoise"
"bgh00805","blue"
"bgh01935","yellow"
"bgh05826","brown"
"bghG002322000001001","turquoise"
"bgh00003","purple"
"bgh00077","turquoise"
"bgh01053","blue"
"bgh02417","brown"
"bgh01054","black"
"bgh01312","purple"
"bgh01313","blue"
"bgh02425","brown"
"bgh00588","turquoise"
"bgh00803","brown"
"bgh02419","yellow"
"bghG002326000001001","yellow"
"bgh04309","blue"
"bgh00804","green"
"bghG002327000001001","yellow"
"bgh02306","blue"
"bgh02418","red"
"bgh02455","green"
"bgh01727","yellow"
"bgh01341","brown"
"bgh01342","blue"
"bgh06527","black"
"bghG002338000001001","turquoise"
"bgh01336","brown"
"bgh02856","turquoise"
"bgh02859","green"
"bgh02861","turquoise"
"bgh03705","turquoise"
"bgh05718","yellow"
"bgh03489","turquoise"
"bgh03643","green"
"bgh06613","brown"
"bghG002346000002001","purple"
"bgh03804","yellow"
"bgh03250","blue"
"bgh01847","blue"
"bghG002348000001001","blue"
"bgh01854","green"
"bgh06350","brown"
"bghG002353000001001","red"
"bgh03444","green"
"bgh00998","yellow"
"bgh00999","red"
"bghG002358000001001","magenta"
"bgh00169","red"
"bgh03270","brown"
"bghG002369000001001","blue"
"bghG002370000001001","brown"
"bgh03171","brown"
"bgh02376","green"
"bgh02051","yellow"
"bgh01795","yellow"
"bghG002389000001001","turquoise"
"bgh00776","brown"
"bgh00777","brown"
"bgh01691","red"
"bghG002396000001001","yellow"
"bgh05008","green"
"bghG002403000001001","turquoise"
"bgh05848","turquoise"
"bgh01104","blue"
"bgh02500","black"
"bgh02919","blue"
"bgh02729","brown"
"bgh02732","turquoise"
"bghG002404000001001","red"
"bgh05248","brown"
"bgh05257","brown"
"bgh06730","brown"
"bgh03593","yellow"
"bgh00309","turquoise"
"bgh01574","turquoise"
"bgh03309","turquoise"
"bgh03071","turquoise"
"bgh03914","green"
"bgh05099","turquoise"
"bgh05734","brown"
"bgh06412","green"
"bgh01412","turquoise"
"bgh02042","blue"
"bgh00020","green"
"bgh01629","brown"
"bghG002438000001001","brown"
"bghG002439000001001","turquoise"
"bgh06515","green"
"bgh04024","red"
"bgh03058","green"
"bgh04023","turquoise"
"bgh01628","green"
"bgh04266","turquoise"
"bgh00013","green"
"bgh00994","magenta"
"bgh05753","green"
"bgh05990","turquoise"
"bgh01404","brown"
"bgh01069","brown"
"bgh01405","turquoise"
"bgh02923","turquoise"
"bgh01369","turquoise"
"bgh01406","turquoise"
"bgh06709","turquoise"
"bgh05393","blue"
"bgh03640","blue"
"bgh04931","yellow"
"bgh05326","blue"
"bgh05286","black"
"bgh00739","brown"
"bgh02918","turquoise"
"bgh02922","brown"
"bgh04088","brown"
"bgh06820","blue"
"bgh05962","blue"
"bgh03669","pink"
"bgh03614","brown"
"bgh04089","brown"
"bghG002559000001001","brown"
"bghG002565000001001","red"
"bgh02924","turquoise"
"bgh04959","yellow"
"bgh00047","black"
"bgh00942","red"
"bgh03318","brown"
"bgh06651","brown"
"bgh03502","turquoise"
"bgh05739","brown"
"bghG002588000001001","brown"
"bghG002588000002001","turquoise"
"bghG002591000002001","brown"
"bgh02276","brown"
"bghG002591000001001","brown"
"bgh00381","blue"
"bgh00420","brown"
"bghG002591000003001","brown"
"bgh04650","yellow"
"bgh00377","blue"
"bghG002593000003001","green"
"bghG002593000004001","turquoise"
"bgh05069","turquoise"
"bgh05096","turquoise"
"bgh04769","brown"
"bghG002599000001001","green"
"bghG002599000002001","turquoise"
"bghG002601000001001","turquoise"
"bghG002605000001001","turquoise"
"bgh00382","magenta"
"bgh06032","yellow"
"bgh00273","red"
"bgh03057","blue"
"bgh03061","brown"
"bgh03260","red"
"bgh00194","brown"
"bgh00195","black"
"bgh00401","blue"
"bgh00394","turquoise"
"bgh06372","turquoise"
"bgh06573","brown"
"bgh05570","blue"
"bgh00392","black"
"bghG002621000001001","brown"
"bghG002627000001001","brown"
"bghG002627000002001","turquoise"
"bgh00371","blue"
"bghG002628000001001","brown"
"bgh04876","turquoise"
"bgh00579","red"
"bgh03059","brown"
"bgh00676","blue"
"bghG002640000001001","turquoise"
"bghG002644000002001","turquoise"
"bgh01543","blue"
"bgh01549","brown"
"bgh01552","yellow"
"bgh05052","blue"
"bgh02282","brown"
"bgh03740","black"
"bgh01546","brown"
"bgh05771","red"
"bgh00882","turquoise"
"bgh00880","blue"
"bgh04859","blue"
"bgh00883","turquoise"
"bgh05246","red"
"bgh05674","turquoise"
"bgh05445","turquoise"
"bgh00881","turquoise"
"bgh03424","brown"
"bghG002695000001001","brown"
"bgh05837","turquoise"
"bgh05016","yellow"
"bgh05243","brown"
"bghG002715000001001","yellow"
"bgh05620","brown"
"bgh03645","turquoise"
"bghG002716000001001","turquoise"
"bgh03017","turquoise"
"bgh00238","green"
"bgh01579","turquoise"
"bgh05245","turquoise"
"bgh03916","magenta"
"bgh02036","turquoise"
"bgh02043","black"
"bgh05212","turquoise"
"bgh02038","red"
"bgh05242","yellow"
"bghG002722000001001","turquoise"
"bgh02562","blue"
"bgh02560","blue"
"bgh04204","turquoise"
"bgh00068","blue"
"bgh04594","yellow"
"bgh02121","blue"
"bgh03351","brown"
"bgh02044","brown"
"bgh02118","red"
"bgh02119","yellow"
"bgh02120","turquoise"
"bgh02122","yellow"
"bgh02144","yellow"
"bgh00665","blue"
"bghG002741000001001","turquoise"
"bgh04133","brown"
"bghG002743000001001","green"
"bgh00441","black"
"bgh04994","turquoise"
"bgh02992","turquoise"
"bgh05035","blue"
"bgh00922","green"
"bgh04674","turquoise"
"bgh05320","pink"
"bgh05322","turquoise"
"bgh02182","brown"
"bgh03816","turquoise"
"bgh03032","blue"
"bgh03055","turquoise"
"bgh03844","yellow"
"bgh00048","brown"
"bgh06904","brown"
"bgh00602","green"
"bgh04985","brown"
"bgh05358","turquoise"
"bghG002783000001001","brown"
"bgh00601","yellow"
"bgh00923","brown"
"bgh04583","blue"
"bgh04585","blue"
"bghG002788000001001","blue"
"bgh01301","blue"
"bgh05311","green"
"bgh00925","turquoise"
"bgh02708","blue"
"bgh01295","blue"
"bgh01299","blue"
"bgh05007","turquoise"
"bghG002790000001001","yellow"
"bgh01190","blue"
"bgh01298","blue"
"bgh01114","green"
"bgh04220","turquoise"
"bgh01112","blue"
"bgh01172","yellow"
"bgh03958","blue"
"bghG002806000001001","turquoise"
"bgh01115","yellow"
"bgh01116","turquoise"
"bghG002807000001001","pink"
"bgh06933","turquoise"
"bghG002810000001001","brown"
"bgh00117","turquoise"
"bgh05722","blue"
"bghG002813000001001","brown"
"bgh00893","blue"
"bghG002816000001001","magenta"
"bgh00166","green"
"bgh04217","red"
"bgh06271","blue"
"bgh04218","green"
"bgh03506","turquoise"
"bgh06804","turquoise"
"bghG002822000001001","turquoise"
"bghG002822000002001","brown"
"bghG002825000001001","blue"
"bgh06731","red"
"bghG002826000001001","blue"
"bghG002826000002001","turquoise"
"bgh00987","turquoise"
"bgh01051","turquoise"
"bgh00476","red"
"bgh01052","turquoise"
"bgh03456","yellow"
"bgh05526","black"
"bgh03092","yellow"
"bgh01012","blue"
"bgh02773","blue"
"bgh02392","brown"
"bgh02394","blue"
"bgh00992","blue"
"bgh06857","blue"
"bgh03221","blue"
"bgh03943","blue"
"bgh00090","red"
"bgh01742","turquoise"
"bgh01788","brown"
"bgh05561","yellow"
"bgh02775","yellow"
"bgh03764","turquoise"
"bgh03959","black"
"bgh05828","brown"
"bgh01075","yellow"
"bgh01076","brown"
"bgh01750","turquoise"
"bgh03985","green"
"bgh04569","red"
"bgh05597","blue"
"bghG002857000001001","green"
"bghG002861000001001","turquoise"
"bgh06362","green"
"bghG002868000001001","green"
"bgh00091","turquoise"
"bgh01319","yellow"
"bgh00573","turquoise"
"bgh00574","turquoise"
"bgh01304","magenta"
"bgh01305","yellow"
"bgh01314","yellow"
"bgh01307","brown"
"bgh01308","turquoise"
"bgh01309","brown"
"bgh01306","blue"
"bgh04272","brown"
"bgh01311","blue"
"bgh04053","turquoise"
"bgh00148","yellow"
"bgh01322","brown"
"bgh06833","yellow"
"bgh00294","red"
"bgh01320","red"
"bgh03949","turquoise"
"bgh03951","turquoise"
"bghG002872000001001","red"
"bgh00989","black"
"bgh02448","yellow"
"bgh01321","brown"
"bgh04986","blue"
"bgh04774","green"
"bgh03187","brown"
"bgh02354","turquoise"
"bgh03780","yellow"
"bgh04780","yellow"
"bgh01954","turquoise"
"bgh06044","brown"
"bghG002909000001001","brown"
"bghG002910000001001","brown"
"bghG002912000002001","brown"
"bghG002914000001001","turquoise"
"bgh02513","turquoise"
"bgh06623","turquoise"
"bgh00561","yellow"
"bgh02516","black"
"bgh02517","blue"
"bgh02519","blue"
"bgh06440","brown"
"bgh04323","green"
"bgh06758","turquoise"
"bgh00039","brown"
"bgh01422","turquoise"
"bgh02793","yellow"
"bgh06404","green"
"bghG002926000001001","turquoise"
"bghG002926000002001","red"
"bgh05125","green"
"bgh05496","yellow"
"bgh00496","turquoise"
"bgh04097","blue"
"bgh04098","blue"
"bgh04251","turquoise"
"bgh00933","green"
"bgh00935","green"
"bgh05127","green"
"bgh00934","blue"
"bgh04252","yellow"
"bgh05124","yellow"
"bgh00171","blue"
"bghG002931000001001","turquoise"
"bgh00954","blue"
"bgh00959","brown"
"bgh04253","blue"
"bgh04962","blue"
"bgh04319","blue"
"bgh00100","brown"
"bgh00960","turquoise"
"bgh00961","turquoise"
"bgh00608","purple"
"bgh00955","yellow"
"bgh01872","green"
"bgh03453","yellow"
"bgh06787","turquoise"
"bgh00282","magenta"
"bgh00956","red"
"bgh04254","yellow"
"bgh00503","yellow"
"bgh04783","blue"
"bgh03213","pink"
"bgh00688","red"
"bgh00504","yellow"
"bgh00505","turquoise"
"bgh00687","turquoise"
"bgh02007","brown"
"bgh03566","red"
"bgh00506","turquoise"
"bgh02534","blue"
"bgh00689","brown"
"bgh03712","blue"
"bgh00507","turquoise"
"bgh02008","yellow"
"bgh03564","turquoise"
"bgh04531","red"
"bgh00129","brown"
"bgh00690","red"
"bgh00691","turquoise"
"bgh04775","green"
"bgh02014","yellow"
"bgh03554","turquoise"
"bgh03555","turquoise"
"bgh02010","yellow"
"bgh03068","turquoise"
"bgh04945","pink"
"bgh02738","blue"
"bgh03570","blue"
"bgh02296","green"
"bgh04944","red"
"bgh02776","blue"
"bgh05285","blue"
"bgh05289","green"
"bgh06679","blue"
"bghG003027000002001","blue"
"bghG003027000003001","turquoise"
"bgh00049","blue"
"bgh01212","blue"
"bgh03657","blue"
"bgh04028","yellow"
"bgh05284","turquoise"
"bgh06848","yellow"
"bgh02687","brown"
"bgh03183","red"
"bgh02684","brown"
"bgh02935","yellow"
"bgh05482","brown"
"bgh04664","magenta"
"bgh05450","red"
"bgh00417","red"
"bgh01279","green"
"bgh01310","red"
"bgh05368","brown"
"bgh01479","yellow"
"bgh02315","red"
"bgh05334","blue"
"bgh01685","turquoise"
"bgh02322","turquoise"
"bgh00151","blue"
"bgh00213","yellow"
"bgh00005","green"
"bgh00007","blue"
"bgh01475","brown"
"bgh00317","black"
"bgh00214","yellow"
"bgh01473","green"
"bgh01664","blue"
"bgh04138","yellow"
"bgh04507","yellow"
"bgh06235","red"
"bgh04506","green"
"bgh01781","green"
"bgh02174","turquoise"
"bgh05853","red"
"bgh02178","turquoise"
"bgh02177","red"
"bgh02250","brown"
"bgh02054","turquoise"
"bgh02062","turquoise"
"bgh02175","turquoise"
"bghG003071000001001","brown"
"bgh02809","magenta"
"bgh05665","turquoise"
"bgh00848","black"
"bgh02173","blue"
"bgh03295","turquoise"
"bgh00167","yellow"
"bgh06642","blue"
"bgh02176","blue"
"bgh05466","blue"
"bgh00857","blue"
"bgh05294","turquoise"
"bghG003090000001001","turquoise"
"bgh01776","yellow"
"bgh05781","black"
"bgh06921","brown"
"bgh03487","blue"
"bgh05025","blue"
"bgh03160","blue"
"bgh05296","blue"
"bgh01570","green"
"bgh01602","blue"
"bgh03982","blue"
"bgh05485","brown"
"bgh01577","black"
"bgh03101","brown"
"bgh03104","green"
"bgh03420","brown"
"bgh03602","blue"
"bgh04670","black"
"bgh01622","brown"
"bgh03718","red"
"bgh04143","green"
"bgh04744","yellow"
"bgh00164","turquoise"
"bgh00545","blue"
"bgh01609","brown"
"bgh04501","black"
"bgh03896","pink"
"bgh00945","green"
"bgh03902","turquoise"
"bgh03972","brown"
"bgh01612","yellow"
"bgh01636","green"
"bgh06327","yellow"
"bgh00347","red"
"bgh00890","turquoise"
"bgh01604","green"
"bgh01610","blue"
"bgh02095","turquoise"
"bgh02097","turquoise"
"bgh04205","brown"
"bgh02835","turquoise"
"bgh03693","turquoise"
"bghG003125000001001","blue"
"bgh02096","magenta"
"bgh02098","brown"
"bgh03659","yellow"
"bgh06457","yellow"
"bghG003125000002001","blue"
"bgh03928","brown"
"bgh03266","magenta"
"bgh02099","turquoise"
"bgh05667","green"
"bgh06175","brown"
"bghG003126000003001","turquoise"
"bgh05087","turquoise"
"bgh06946","yellow"
"bgh03267","blue"
"bghG003126000001001","black"
"bgh04864","brown"
"bgh05787","brown"
"bgh01659","blue"
"bgh01835","blue"
"bgh01843","turquoise"
"bgh03134","turquoise"
"bgh06073","turquoise"
"bgh02104","yellow"
"bgh02707","blue"
"bgh04559","yellow"
"bgh02101","green"
"bgh02103","red"
"bgh04554","turquoise"
"bgh06602","turquoise"
"bgh01792","turquoise"
"bgh03699","green"
"bgh04093","turquoise"
"bgh00660","turquoise"
"bgh04095","turquoise"
"bgh02355","blue"
"bgh06222","yellow"
"bgh02979","blue"
"bgh03474","green"
"bgh03696","turquoise"
"bghG003171000001001","brown"
"bgh00276","turquoise"
"bgh02650","pink"
"bgh02651","blue"
"bgh03878","brown"
"bghG003198000001001","magenta"
"bgh03577","blue"
"bghG003198000002001","blue"
"bghG003198000003001","turquoise"
"bghG003198000004001","brown"
"bgh03716","black"
"bgh02679","brown"
"bgh03228","turquoise"
"bgh02655","yellow"
"bgh02656","turquoise"
"bgh03227","brown"
"bgh01221","yellow"
"bgh00634","black"
"bgh01640","black"
"bgh01646","turquoise"
"bgh01649","green"
"bgh01641","blue"
"bgh06967","brown"
"bgh06180","yellow"
"bgh06346","red"
"bgh00559","yellow"
"bgh01639","green"
"bgh04930","green"
"bgh06323","blue"
"bgh01645","yellow"
"bgh04863","green"
"bghG003228000001001","blue"
"bgh04834","green"
"bgh06160","turquoise"
"bgh04536","pink"
"bgh04819","brown"
"bgh01637","brown"
"bgh04367","black"
"bgh03504","yellow"
"bgh03760","red"
"bgh06646","blue"
"bgh01644","brown"
"bgh04772","turquoise"
"bgh04821","brown"
"bgh01642","turquoise"
"bgh04672","green"
"bgh06845","green"
"bgh01285","red"
"bgh05757","blue"
"bgh01287","yellow"
"bgh00391","green"
"bgh00395","pink"
"bghG003256000001001","yellow"
"bgh00442","pink"
"bgh00385","yellow"
"bgh00387","blue"
"bgh00372","yellow"
"bgh00398","red"
"bgh00397","brown"
"bgh00374","turquoise"
"bgh00386","turquoise"
"bgh00810","blue"
"bgh03833","blue"
"bgh05896","blue"
"bgh00388","turquoise"
"bgh00373","yellow"
"bgh06656","blue"
"bgh00863","blue"
"bgh04871","blue"
"bgh00390","pink"
"bgh00907","blue"
"bgh05186","turquoise"
"bgh00028","magenta"
"bgh00399","blue"
"bgh03589","green"
"bghG003266000001001","brown"
"bgh04425","brown"
"bgh04426","black"
"bgh05373","yellow"
"bgh01026","yellow"
"bgh00140","turquoise"
"bgh01025","yellow"
"bgh03176","purple"
"bgh04424","yellow"
"bgh02962","yellow"
"bgh06382","yellow"
"bgh01022","blue"
"bgh05714","yellow"
"bgh01023","green"
"bgh03867","turquoise"
"bgh04974","turquoise"
"bgh06130","turquoise"
"bgh02367","yellow"
"bgh00547","blue"
"bgh06225","blue"
"bgh03089","brown"
"bgh03305","turquoise"
"bgh03317","brown"
"bghG003276000001001","turquoise"
"bgh01027","blue"
"bgh01024","brown"
"bghG003276000002001","blue"
"bgh06063","black"
"bgh04427","blue"
"bgh06562","black"
"bgh03606","brown"
"bgh00712","turquoise"
"bgh02231","black"
"bgh04719","blue"
"bgh03604","blue"
"bgh04732","blue"
"bgh04743","red"
"bgh00500","turquoise"
"bgh06548","red"
"bgh01944","brown"
"bgh00703","blue"
"bghG003293000001001","pink"
"bgh04721","magenta"
"bgh06863","green"
"bgh00242","green"
"bgh06024","turquoise"
"bgh01000","blue"
"bghG003293000002001","blue"
"bgh00702","turquoise"
"bgh01709","turquoise"
"bgh06684","blue"
"bgh04814","turquoise"
"bgh05448","brown"
"bghG003307000001001","brown"
"bgh00168","turquoise"
"bgh01232","turquoise"
"bgh04643","blue"
"bgh05103","turquoise"
"bgh05992","turquoise"
"bgh01231","brown"
"bgh03893","yellow"
"bgh01197","blue"
"bgh01198","blue"
"bgh01228","red"
"bgh04797","blue"
"bghG003327000001001","yellow"
"bgh01617","blue"
"bgh01899","green"
"bgh02411","black"
"bgh01889","black"
"bgh01620","turquoise"
"bgh01621","turquoise"
"bgh04344","blue"
"bgh00891","green"
"bgh02845","yellow"
"bgh01887","brown"
"bghG003332000001001","turquoise"
"bgh02917","turquoise"
"bgh00951","green"
"bgh05042","blue"
"bgh02916","green"
"bgh00953","brown"
"bghG003337000001001","turquoise"
"bgh00888","blue"
"bgh00957","brown"
"bgh00968","black"
"bgh00969","red"
"bgh02553","blue"
"bghG003347000001001","brown"
"bghG003364000001001","turquoise"
"bghG003366000001001","brown"
"bgh02442","yellow"
"bgh06285","yellow"
"bgh00144","turquoise"
"bgh04904","blue"
"bghG003379000001001","green"
"bgh02429","blue"
"bgh02426","blue"
"bgh02432","blue"
"bgh02433","brown"
"bgh04828","brown"
"bgh02427","yellow"
"bgh02428","yellow"
"bgh02434","brown"
"bgh03759","blue"
"bgh03533","blue"
"bgh01423","turquoise"
"bgh06655","red"
"bgh01573","blue"
"bgh00272","red"
"bgh03040","turquoise"
"bgh03088","green"
"bgh00280","brown"
"bgh00782","turquoise"
"bgh01572","yellow"
"bgh02761","blue"
"bgh02883","yellow"
"bgh04322","red"
"bgh03850","turquoise"
"bgh05884","yellow"
"bgh02766","magenta"
"bgh02759","turquoise"
"bgh05926","green"
"bgh05091","magenta"
"bgh06232","red"
"bgh00295","green"
"bgh06949","turquoise"
"bgh04695","red"
"bgh01373","red"
"bgh04436","yellow"
"bgh01367","black"
"bgh04029","green"
"bghG003422000001001","brown"
"bgh01360","blue"
"bgh01365","yellow"
"bgh02275","pink"
"bgh01370","pink"
"bgh01372","black"
"bgh01524","pink"
"bgh02274","turquoise"
"bgh02271","brown"
"bgh02273","turquoise"
"bgh05702","blue"
"bgh00258","yellow"
"bgh03859","blue"
"bgh04561","turquoise"
"bgh03054","red"
"bghG003441000001001","brown"
"bghG003441000002001","blue"
"bgh00128","brown"
"bgh01371","turquoise"
"bgh06183","yellow"
"bgh06912","brown"
"bghG003444000001001","turquoise"
"bgh01084","blue"
"bgh01085","turquoise"
"bgh01095","yellow"
"bgh06564","blue"
"bgh00383","magenta"
"bgh01094","magenta"
"bgh01096","turquoise"
"bgh04194","turquoise"
"bgh01091","yellow"
"bgh01101","yellow"
"bgh04740","turquoise"
"bgh01083","red"
"bgh01086","turquoise"
"bgh01097","turquoise"
"bgh01098","turquoise"
"bgh00733","magenta"
"bgh01357","turquoise"
"bgh00732","brown"
"bgh04195","green"
"bgh05031","turquoise"
"bgh03180","blue"
"bgh01088","brown"
"bgh01099","blue"
"bgh01100","green"
"bgh01103","yellow"
"bgh00239","blue"
"bgh02771","yellow"
"bghG003452000001001","turquoise"
"bgh01092","brown"
"bgh06159","pink"
"bgh03163","blue"
"bgh03165","yellow"
"bgh03166","blue"
"bgh03188","green"
"bgh05174","brown"
"bgh01093","yellow"
"bgh03252","red"
"bgh06819","brown"
"bgh02543","blue"
"bgh03007","turquoise"
"bghG003457000001001","brown"
"bgh03193","yellow"
"bgh04267","yellow"
"bgh06434","red"
"bgh02465","black"
"bgh03192","black"
"bgh02914","red"
"bgh03189","blue"
"bgh03190","brown"
"bgh03191","yellow"
"bgh04269","turquoise"
"bgh00136","brown"
"bgh05669","blue"
"bghG003462000001001","turquoise"
"bgh01173","blue"
"bgh01174","green"
"bgh02873","brown"
"bgh05759","blue"
"bgh06641","brown"
"bgh03556","yellow"
"bgh03559","yellow"
"bgh06750","turquoise"
"bgh00530","blue"
"bgh00531","turquoise"
"bgh02696","turquoise"
"bgh02698","black"
"bgh02802","blue"
"bgh02804","red"
"bgh02806","turquoise"
"bgh03205","blue"
"bgh03206","blue"
"bgh05399","green"
"bgh02440","brown"
"bgh03201","blue"
"bgh03203","brown"
"bgh06254","red"
"bghG003477000001001","brown"
"bgh02702","blue"
"bgh02808","magenta"
"bgh02699","green"
"bgh02807","green"
"bgh03197","green"
"bgh03683","turquoise"
"bgh03240","blue"
"bgh03200","turquoise"
"bgh02653","green"
"bgh03447","yellow"
"bgh06711","turquoise"
"bgh01877","turquoise"
"bgh01878","yellow"
"bgh01393","blue"
"bgh00157","turquoise"
"bgh01392","brown"
"bgh06324","blue"
"bgh06302","magenta"
"bgh01416","brown"
"bgh01417","brown"
"bgh02744","brown"
"bghG003497000001001","brown"
"bgh00774","brown"
"bgh01380","green"
"bgh01382","yellow"
"bgh06198","turquoise"
"bgh02087","turquoise"
"bgh00589","brown"
"bgh02083","green"
"bgh05730","blue"
"bgh03973","brown"
"bghG003562000001001","turquoise"
"bgh04886","green"
"bghG003565000001001","blue"
"bgh00251","brown"
"bgh05196","turquoise"
"bgh06894","brown"
"bgh00788","blue"
"bgh00154","turquoise"
"bgh03781","yellow"
"bgh04965","brown"
"bgh05307","brown"
"bgh03342","blue"
"bgh05313","brown"
"bgh05306","yellow"
"bghG003574000002001","turquoise"
"bghG003574000001001","brown"
"bgh04223","yellow"
"bgh00932","blue"
"bgh04222","blue"
"bgh04210","black"
"bgh06172","yellow"
"bghG003577000001001","brown"
"bgh04215","yellow"
"bgh04213","turquoise"
"bgh04214","blue"
"bgh05138","yellow"
"bgh04211","blue"
"bgh06840","blue"
"bgh04612","red"
"bgh06220","blue"
"bgh06713","brown"
"bgh02584","red"
"bgh01945","brown"
"bgh01946","turquoise"
"bgh01947","blue"
"bghG003584000001001","turquoise"
"bgh01815","yellow"
"bgh05021","turquoise"
"bgh06661","red"
"bgh03477","turquoise"
"bgh03827","brown"
"bgh05115","blue"
"bghG003594000001001","blue"
"bgh03475","red"
"bgh03479","green"
"bgh03774","red"
"bgh03784","red"
"bgh04937","brown"
"bgh04938","blue"
"bgh04940","yellow"
"bgh06714","turquoise"
"bgh01855","turquoise"
"bgh00314","red"
"bgh05452","red"
"bgh03272","brown"
"bgh04571","turquoise"
"bgh00679","green"
"bgh03214","brown"
"bgh01461","blue"
"bgh02312","brown"
"bgh00354","black"
"bgh01456","blue"
"bgh01462","turquoise"
"bgh00015","turquoise"
"bgh00334","brown"
"bgh00336","red"
"bgh05047","yellow"
"bgh00030","green"
"bgh01463","turquoise"
"bgh00346","turquoise"
"bgh02311","turquoise"
"bgh04948","turquoise"
"bgh00864","yellow"
"bgh00338","red"
"bgh04947","turquoise"
"bgh05486","black"
"bgh00333","yellow"
"bgh06883","brown"
"bgh04043","turquoise"
"bgh05051","yellow"
"bgh00340","yellow"
"bgh05023","turquoise"
"bgh05940","brown"
"bgh06459","turquoise"
"bgh02436","brown"
"bgh06466","blue"
"bgh00341","brown"
"bgh04631","black"
"bgh02266","green"
"bgh03777","pink"
"bgh05003","turquoise"
"bgh04898","yellow"
"bgh05851","green"
"bgh04389","yellow"
"bgh05640","blue"
"bgh06768","yellow"
"bgh03243","blue"
"bgh03798","yellow"
"bgh03799","yellow"
"bgh03082","blue"
"bgh00591","green"
"bgh03373","turquoise"
"bgh03455","blue"
"bgh03797","turquoise"
"bgh00253","red"
"bgh00279","green"
"bgh03583","blue"
"bgh03796","blue"
"bghG003669000001001","turquoise"
"bgh03503","brown"
"bgh00016","turquoise"
"bgh02626","magenta"
"bgh05647","blue"
"bgh01122","green"
"bgh03371","green"
"bgh03494","blue"
"bgh06348","blue"
"bgh05506","blue"
"bgh05633","blue"
"bgh02126","yellow"
"bgh04903","blue"
"bgh06756","brown"
"bgh01986","magenta"
"bgh06864","turquoise"
"bgh00717","blue"
"bgh02443","green"
"bgh06272","blue"
"bgh00718","brown"
"bgh02365","black"
"bgh00139","turquoise"
"bgh02438","brown"
"bgh02321","yellow"
"bghG003696000001001","blue"
"bgh02444","yellow"
"bgh05504","blue"
"bghG003699000002001","yellow"
"bgh03204","blue"
"bgh05427","blue"
"bgh01840","brown"
"bgh02459","blue"
"bgh05778","magenta"
"bgh01955","turquoise"
"bgh01956","turquoise"
"bgh05022","blue"
"bgh02844","blue"
"bgh03814","turquoise"
"bgh02164","turquoise"
"bgh02401","pink"
"bgh02163","blue"
"bgh02464","blue"
"bgh06752","turquoise"
"bgh02159","brown"
"bgh02162","red"
"bgh06958","blue"
"bgh00033","blue"
"bgh02160","blue"
"bgh02161","blue"
"bgh05280","black"
"bgh02391","green"
"bgh03903","turquoise"
"bgh05338","turquoise"
"bghG003735000001001","yellow"
"bghG003742000001001","turquoise"
"bgh05765","turquoise"
"bgh03109","turquoise"
"bgh00327","turquoise"
"bgh03225","brown"
"bgh05053","red"
"bgh05953","green"
"bgh05966","green"
"bghG003743000001001","brown"
"bgh03967","brown"
"bgh00985","yellow"
"bgh00113","turquoise"
"bgh02265","brown"
"bgh05731","turquoise"
"bgh03682","blue"
"bgh05400","turquoise"
"bgh01760","blue"
"bgh00298","turquoise"
"bgh04983","turquoise"
"bgh06287","yellow"
"bgh01718","turquoise"
"bgh01757","pink"
"bgh03094","brown"
"bgh01722","blue"
"bgh01726","blue"
"bgh06204","blue"
"bgh01291","turquoise"
"bgh01289","turquoise"
"bgh01292","green"
"bgh01288","turquoise"
"bgh03327","blue"
"bgh05711","turquoise"
"bgh01185","green"
"bgh05871","black"
"bgh06022","blue"
"bgh01293","green"
"bgh04984","brown"
"bghG003798000001001","pink"
"bghG003799000001001","brown"
"bgh01323","green"
"bghG003803000001001","brown"
"bgh01324","blue"
"bgh00182","pink"
"bgh06081","green"
"bgh06113","blue"
"bgh01325","pink"
"bgh01329","brown"
"bgh02279","brown"
"bgh06525","green"
"bghG003813000001001","brown"
"bghG003813000002001","turquoise"
"bghG003813000003001","green"
"bgh01337","turquoise"
"bgh02143","turquoise"
"bgh02278","turquoise"
"bgh00612","magenta"
"bgh00614","turquoise"
"bgh06901","turquoise"
"bghG003815000002001","brown"
"bghG003815000003001","green"
"bgh00006","red"
"bgh01474","yellow"
"bgh01327","blue"
"bgh01338","yellow"
"bgh01339","yellow"
"bgh02740","turquoise"
"bgh03210","yellow"
"bgh00265","yellow"
"bgh01478","blue"
"bgh01484","green"
"bgh00191","red"
"bgh04987","turquoise"
"bgh05754","turquoise"
"bgh02152","brown"
"bgh02151","yellow"
"bgh06486","green"
"bgh02153","brown"
"bgh05408","brown"
"bghG003843000001001","brown"
"bgh00437","green"
"bgh06789","green"
"bgh03679","brown"
"bgh02238","turquoise"
"bgh02237","yellow"
"bgh05216","green"
"bgh02257","brown"
"bgh05107","brown"
"bghG003847000001001","brown"
"bgh04663","brown"
"bgh00813","blue"
"bgh03832","blue"
"bgh02779","blue"
"bgh00861","yellow"
"bgh05112","brown"
"bgh00715","blue"
"bgh00716","purple"
"bgh00887","brown"
"bgh03855","green"
"bgh02337","turquoise"
"bgh03757","green"
"bgh04662","yellow"
"bgh05229","turquoise"
"bgh02236","brown"
"bgh05177","purple"
"bgh06137","turquoise"
"bgh02232","green"
"bgh02233","green"
"bgh02234","yellow"
"bgh02353","blue"
"bgh00533","brown"
"bgh00534","blue"
"bgh02358","turquoise"
"bgh00299","turquoise"
"bgh01773","blue"
"bgh05030","turquoise"
"bgh05113","turquoise"
"bgh05116","red"
"bgh00824","yellow"
"bgh04202","green"
"bgh02439","turquoise"
"bgh05118","green"
"bgh04623","brown"
"bgh02410","brown"
"bgh05122","brown"
"bghG003896000002001","brown"
"bgh03852","brown"
"bgh00938","brown"
"bgh06381","brown"
"bgh06366","blue"
"bgh05140","brown"
"bgh00939","blue"
"bgh04600","turquoise"
"bgh05362","turquoise"
"bghG003898000001001","red"
"bgh03377","turquoise"
"bgh04678","brown"
"bgh06416","green"
"bgh04616","magenta"
"bgh05627","red"
"bgh03619","magenta"
"bgh00870","yellow"
"bgh03819","yellow"
"bgh04147","turquoise"
"bgh00876","magenta"
"bgh04850","blue"
"bgh00877","red"
"bgh05671","brown"
"bgh00532","brown"
"bgh00872","brown"
"bghG003932000001001","yellow"
"bgh00875","green"
"bgh04849","turquoise"
"bgh00873","turquoise"
"bgh00874","brown"
"bgh04151","yellow"
"bghG003932000002001","yellow"
"bgh00600","brown"
"bgh04154","brown"
"bghG003933000001001","yellow"
"bgh04847","yellow"
"bghG003933000002001","yellow"
"bgh03382","green"
"bgh05742","green"
"bgh00666","yellow"
"bgh06630","magenta"
"bgh05762","blue"
"bgh00118","turquoise"
"bgh06047","green"
"bghG003936000001001","brown"
"bgh06855","brown"
"bgh04144","black"
"bgh04199","turquoise"
"bgh04181","blue"
"bgh04183","green"
"bgh04825","turquoise"
"bgh03888","turquoise"
"bgh04179","turquoise"
"bgh06411","brown"
"bgh04174","turquoise"
"bghG003939000001001","brown"
"bghG003939000002001","brown"
"bghG003939000003001","turquoise"
"bgh00360","blue"
"bgh04180","turquoise"
"bgh04201","turquoise"
"bgh04932","turquoise"
"bgh03882","yellow"
"bgh01551","blue"
"bgh01825","brown"
"bgh03569","brown"
"bgh00752","blue"
"bghG003944000001001","pink"
"bghG003944000002001","turquoise"
"bgh05950","red"
"bgh02818","brown"
"bgh04788","yellow"
"bgh03563","purple"
"bgh06712","blue"
"bgh03480","blue"
"bgh03482","turquoise"
"bgh03560","blue"
"bgh00052","yellow"
"bgh01668","yellow"
"bgh01669","yellow"
"bgh03552","yellow"
"bgh05974","yellow"
"bgh03509","turquoise"
"bgh00780","blue"
"bgh03557","red"
"bgh03530","turquoise"
"bgh03550","green"
"bgh03512","brown"
"bgh04197","turquoise"
"bgh03536","brown"
"bghG003962000001001","turquoise"
"bgh02693","blue"
"bgh03592","yellow"
"bgh03864","turquoise"
"bgh04142","turquoise"
"bgh04921","brown"
"bgh01751","blue"
"bgh04141","turquoise"
"bgh04185","turquoise"
"bgh01739","yellow"
"bgh04184","green"
"bgh04198","green"
"bgh03276","pink"
"bgh06387","turquoise"
"bgh03050","turquoise"
"bgh03496","brown"
"bgh03663","green"
"bghG003972000001001","turquoise"
"bgh00790","blue"
"bgh03829","magenta"
"bgh05114","brown"
"bgh02688","pink"
"bgh02692","pink"
"bgh00173","yellow"
"bgh02691","green"
"bgh06826","red"
"bgh05396","yellow"
"bghG003973000001001","green"
"bgh00285","green"
"bgh00070","turquoise"
"bgh02756","blue"
"bgh02758","turquoise"
"bgh06337","yellow"
"bgh04239","yellow"
"bghG003977000001001","yellow"
"bgh02755","blue"
"bgh00571","turquoise"
"bgh02400","brown"
"bgh03622","red"
"bgh02754","magenta"
"bgh04237","turquoise"
"bgh02913","yellow"
"bgh00221","yellow"
"bgh00222","purple"
"bgh00231","blue"
"bgh04049","blue"
"bgh04240","pink"
"bghG003977000002001","blue"
"bgh02752","blue"
"bgh02841","turquoise"
"bgh04230","blue"
"bgh00223","brown"
"bgh00233","brown"
"bgh04232","turquoise"
"bghG003981000001001","green"
"bgh00761","green"
"bgh00787","brown"
"bgh04242","brown"
"bgh04247","brown"
"bgh05321","brown"
"bghG003983000001001","turquoise"
"bgh04297","turquoise"
"bgh00766","yellow"
"bgh04298","turquoise"
"bgh04299","blue"
"bgh05535","turquoise"
"bgh04236","blue"
"bgh04300","turquoise"
"bgh03588","blue"
"bgh03587","turquoise"
"bgh04235","brown"
"bgh02956","blue"
"bgh02957","brown"
"bgh02960","turquoise"
"bgh02961","blue"
"bgh02829","yellow"
"bgh03581","turquoise"
"bgh05132","blue"
"bgh04301","yellow"
"bgh00785","yellow"
"bgh00784","yellow"
"bgh04302","blue"
"bgh00988","turquoise"
"bgh05028","brown"
"bgh06922","turquoise"
"bgh01833","brown"
"bgh01838","turquoise"
"bgh00004","brown"
"bgh04303","green"
"bgh01302","turquoise"
"bgh01271","yellow"
"bghG004005000001001","blue"
"bghG004007000001001","blue"
"bgh01381","green"
"bgh01281","pink"
"bgh01300","blue"
"bghG004008000001001","blue"
"bgh05700","brown"
"bgh01280","red"
"bgh01315","green"
"bgh06364","brown"
"bgh06556","pink"
"bgh02821","blue"
"bgh01294","brown"
"bgh00177","green"
"bgh01286","black"
"bgh01290","turquoise"
"bgh01296","red"
"bghG004010000001001","turquoise"
"bgh01860","blue"
"bgh05071","blue"
"bgh01283","green"
"bgh01303","magenta"
"bghG004010000002001","turquoise"
"bgh00268","red"
"bgh02797","brown"
"bgh03313","turquoise"
"bgh05456","green"
"bgh01439","turquoise"
"bgh01438","turquoise"
"bgh01440","blue"
"bgh06622","brown"
"bgh00778","blue"
"bghG004024000001001","green"
"bgh01437","green"
"bgh04018","green"
"bgh06658","turquoise"
"bgh02673","blue"
"bgh04737","blue"
"bgh06955","blue"
"bgh02661","brown"
"bgh02676","turquoise"
"bgh04741","red"
"bgh06915","turquoise"
"bgh01671","yellow"
"bgh02670","turquoise"
"bgh01672","yellow"
"bgh04751","yellow"
"bgh04755","blue"
"bgh04763","turquoise"
"bgh04767","yellow"
"bgh01805","black"
"bgh01707","green"
"bgh01790","brown"
"bgh01809","black"
"bgh00930","yellow"
"bgh00931","blue"
"bgh06469","green"
"bgh02196","turquoise"
"bgh02784","red"
"bgh02205","brown"
"bgh02281","red"
"bgh06467","turquoise"
"bgh00361","brown"
"bgh02509","turquoise"
"bgh01428","green"
"bgh03612","magenta"
"bgh04955","blue"
"bgh02380","brown"
"bgh05012","blue"
"bgh00292","turquoise"
"bgh01766","yellow"
"bgh02364","blue"
"bgh02204","blue"
"bgh02206","blue"
"bgh02208","blue"
"bgh05514","brown"
"bghG004099000001001","turquoise"
"bgh02201","brown"
"bgh05013","blue"
"bgh05014","pink"
"bgh05635","yellow"
"bgh01658","green"
"bgh06132","purple"
"bghG004101000001001","yellow"
"bgh02199","red"
"bgh02198","blue"
"bgh04124","turquoise"
"bgh02209","turquoise"
"bgh01528","yellow"
"bgh00764","blue"
"bgh03031","brown"
"bgh03035","turquoise"
"bgh00944","pink"
"bgh01376","turquoise"
"bgh01396","brown"
"bgh01278","turquoise"
"bgh05493","magenta"
"bgh06674","red"
"bgh00943","brown"
"bgh00087","turquoise"
"bghG004129000001001","brown"
"bgh00318","brown"
"bghG004129000002001","brown"
"bghG004129000003001","red"
"bgh01364","blue"
"bgh01398","yellow"
"bgh06512","turquoise"
"bgh01378","black"
"bgh01395","turquoise"
"bgh04666","blue"
"bgh01361","turquoise"
"bgh01379","yellow"
"bgh02324","turquoise"
"bghG004133000001001","brown"
"bgh01862","yellow"
"bgh01885","blue"
"bgh05309","brown"
"bghG004158000001001","brown"
"bgh03553","purple"
"bgh05369","yellow"
"bgh02303","yellow"
"bghG004165000002001","turquoise"
"bgh01994","turquoise"
"bgh01996","magenta"
"bgh05279","blue"
"bgh06584","brown"
"bgh06935","blue"
"bghG004165000001001","yellow"
"bgh00659","red"
"bgh01992","yellow"
"bgh06541","red"
"bgh00850","turquoise"
"bgh05161","brown"
"bgh05183","turquoise"
"bgh00181","green"
"bgh00758","magenta"
"bgh01990","brown"
"bghG004172000002001","brown"
"bgh01401","brown"
"bgh01403","yellow"
"bghG004177000002001","turquoise"
"bgh04498","yellow"
"bghG004177000001001","green"
"bgh00322","blue"
"bgh00940","red"
"bgh04494","blue"
"bgh05345","turquoise"
"bgh01402","yellow"
"bgh04495","black"
"bgh06886","yellow"
"bgh00414","brown"
"bgh04499","blue"
"bgh04496","turquoise"
"bgh02580","brown"
"bgh06568","blue"
"bghG004185000001001","pink"
"bgh03069","pink"
"bgh00741","turquoise"
"bghG004211000001001","brown"
"bgh02520","blue"
"bgh02522","turquoise"
"bgh04384","turquoise"
"bgh05541","turquoise"
"bgh03066","green"
"bgh06691","brown"
"bghG004216000001001","brown"
"bgh02445","yellow"
"bghG004218000001001","blue"
"bghG004219000001001","yellow"
"bgh00096","turquoise"
"bgh05197","red"
"bgh05224","yellow"
"bgh05226","turquoise"
"bgh02583","yellow"
"bghG004221000001001","green"
"bgh05194","blue"
"bgh06001","blue"
"bghG004225000001001","brown"
"bgh00266","blue"
"bgh05619","brown"
"bghG004231000001001","turquoise"
"bgh06583","green"
"bgh05220","turquoise"
"bgh05795","turquoise"
"bgh05191","turquoise"
"bgh03766","red"
"bgh05228","blue"
"bgh05240","blue"
"bgh04288","green"
"bgh04878","blue"
"bgh05210","yellow"
"bgh06151","red"
"bgh06579","yellow"
"bgh04308","blue"
"bgh05222","yellow"
"bgh04307","yellow"
"bgh06520","turquoise"
"bghG004240000002001","blue"
"bgh05195","blue"
"bgh05814","green"
"bgh05223","yellow"
"bgh03974","blue"
"bgh03976","blue"
"bgh04278","brown"
"bgh05215","turquoise"
"bgh04998","brown"
"bgh00248","green"
"bghG004252000001001","brown"
"bgh00150","red"
"bgh05214","turquoise"
"bgh05227","green"
"bgh05225","turquoise"
"bgh05247","brown"
"bgh02397","red"
"bghG004260000001001","turquoise"
"bghG004268000001001","turquoise"
"bgh06216","blue"
"bgh06471","blue"
"bgh01779","blue"
"bgh01764","blue"
"bgh01772","red"
"bgh03800","pink"
"bgh03834","turquoise"
"bgh02953","green"
"bgh03338","blue"
"bgh05110","turquoise"
"bgh05151","red"
"bghG004293000001001","turquoise"
"bgh01234","brown"
"bgh06435","pink"
"bgh01242","yellow"
"bgh06202","blue"
"bgh06215","brown"
"bgh02467","black"
"bgh01236","turquoise"
"bgh04981","turquoise"
"bgh00337","yellow"
"bgh00435","turquoise"
"bgh02408","blue"
"bgh04980","magenta"
"bgh01237","brown"
"bgh01239","yellow"
"bgh04979","yellow"
"bgh03865","green"
"bgh04963","blue"
"bgh04978","yellow"
"bghG004315000001001","turquoise"
"bghG004315000002001","blue"
"bgh00862","yellow"
"bgh01240","yellow"
"bgh04646","green"
"bgh06588","turquoise"
"bghG004322000001001","turquoise"
"bghG004322000002001","turquoise"
"bgh00730","green"
"bgh00575","green"
"bgh02402","brown"
"bgh01243","brown"
"bgh05144","turquoise"
"bgh03824","blue"
"bgh06168","brown"
"bgh06878","blue"
"bgh02817","blue"
"bgh02840","brown"
"bgh05192","red"
"bgh00084","yellow"
"bgh04314","yellow"
"bgh06383","brown"
"bgh00229","yellow"
"bgh00230","yellow"
"bgh05295","black"
"bgh00176","blue"
"bgh04289","turquoise"
"bgh02604","red"
"bgh05221","green"
"bgh05873","red"
"bgh06478","blue"
"bghG004352000001001","yellow"
"bgh05088","yellow"
"bgh05440","brown"
"bgh06575","blue"
"bgh02600","yellow"
"bgh05355","brown"
"bgh06489","blue"
"bgh02602","yellow"
"bgh04291","yellow"
"bgh05193","turquoise"
"bgh00116","green"
"bgh03095","turquoise"
"bgh05049","purple"
"bgh00170","yellow"
"bgh00243","yellow"
"bghG004360000001001","turquoise"
"bghG004360000002001","brown"
"bghG004363000001001","turquoise"
"bgh02404","blue"
"bgh03508","blue"
"bgh03946","turquoise"
"bgh03302","pink"
"bghG004371000001001","black"
"bgh02011","brown"
"bgh02012","red"
"bgh01995","pink"
"bghG004373000001001","brown"
"bghG004373000002001","blue"
"bgh00685","green"
"bghG004373000003001","pink"
"bghG004374000001001","brown"
"bghG004376000001001","brown"
"bghG004377000001001","brown"
"bgh00947","yellow"
"bghG004378000001001","red"
"bghG004392000001001","turquoise"
"bghG004392000002001","turquoise"
"bgh01906","blue"
"bgh05964","green"
"bgh00736","blue"
"bgh04094","blue"
"bgh00948","turquoise"
"bgh01745","blue"
"bgh01743","brown"
"bghG004401000001001","brown"
"bgh01735","brown"
"bgh01741","blue"
"bgh02497","green"
"bgh00950","green"
"bgh01736","red"
"bgh03042","turquoise"
"bgh03028","green"
"bghG004439000001001","brown"
"bgh06311","brown"
"bgh04031","red"
"bgh04032","green"
"bghG004450000001001","blue"
"bgh01970","yellow"
"bgh01987","green"
"bghG004459000001001","brown"
"bghG004459000002001","brown"
"bgh01527","red"
"bgh06013","yellow"
"bgh01526","blue"
"bgh04773","pink"
"bgh06913","blue"
"bgh04669","turquoise"
"bghG004465000001001","brown"
"bgh06554","green"
"bgh01516","turquoise"
"bgh06531","blue"
"bgh03255","black"
"bgh02945","turquoise"
"bgh04727","brown"
"bgh05418","blue"
"bgh04888","brown"
"bgh06468","turquoise"
"bgh01521","turquoise"
"bgh06437","pink"
"bgh01522","yellow"
"bgh00592","green"
"bgh00593","yellow"
"bgh00596","blue"
"bgh01523","turquoise"
"bgh01532","blue"
"bgh00595","turquoise"
"bgh01533","blue"
"bgh03709","turquoise"
"bgh00581","brown"
"bgh04889","brown"
"bgh01525","blue"
"bgh02966","turquoise"
"bgh00122","brown"
"bgh03256","yellow"
"bgh03607","red"
"bgh03609","yellow"
"bgh01828","brown"
"bgh00059","blue"
"bghG004541000001001","blue"
"bgh01400","yellow"
"bgh01778","brown"
"bgh01785","blue"
"bgh01390","brown"
"bgh01399","turquoise"
"bghG004546000001001","black"
"bgh00060","black"
"bgh00512","yellow"
"bghG004551000002001","brown"
"bgh03656","green"
"bgh01867","turquoise"
"bgh02746","turquoise"
"bghG004551000001001","blue"
"bgh05372","turquoise"
"bgh05429","blue"
"bgh01389","blue"
"bgh00439","green"
"bgh01868","green"
"bgh04437","yellow"
"bgh06513","green"
"bgh06740","turquoise"
"bghG004556000001001","yellow"
"bgh03078","yellow"
"bgh03084","yellow"
"bgh06666","brown"
"bgh01385","green"
"bgh03328","brown"
"bgh01383","blue"
"bgh01384","green"
"bgh01391","brown"
"bgh00669","black"
"bgh01087","blue"
"bgh01782","brown"
"bgh01791","black"
"bgh03115","black"
"bgh06498","black"
"bgh01861","brown"
"bgh02652","blue"
"bgh02361","blue"
"bgh01436","brown"
"bgh04306","turquoise"
"bgh01276","brown"
"bgh00455","blue"
"bgh04246","blue"
"bgh00456","turquoise"
"bgh00447","yellow"
"bgh00448","yellow"
"bgh00467","blue"
"bgh04877","turquoise"
"bgh05180","yellow"
"bgh00457","black"
"bgh05181","blue"
"bgh02884","brown"
"bgh06071","red"
"bgh00466","blue"
"bgh00449","yellow"
"bgh00461","green"
"bgh00450","turquoise"
"bgh00464","red"
"bgh00465","turquoise"
"bghG004598000001001","brown"
"bgh00186","turquoise"
"bghG004602000001001","turquoise"
"bgh02634","green"
"bgh04642","blue"
"bgh04673","yellow"
"bgh06672","yellow"
"bgh00451","turquoise"
"bgh00462","turquoise"
"bgh00463","turquoise"
"bgh06195","blue"
"bgh01536","turquoise"
"bgh00274","yellow"
"bgh00722","turquoise"
"bgh00725","blue"
"bgh00728","blue"
"bgh02225","turquoise"
"bgh02226","magenta"
"bgh00452","blue"
"bgh00460","turquoise"
"bgh05059","blue"
"bgh00453","blue"
"bgh05253","black"
"bgh01537","blue"
"bgh01538","red"
"bgh01540","blue"
"bgh03969","blue"
"bgh00454","yellow"
"bgh02227","blue"
"bgh00459","blue"
"bgh04873","turquoise"
"bgh00305","blue"
"bgh00458","turquoise"
"bgh04734","brown"
"bgh03422","red"
"bgh03925","red"
"bgh03691","turquoise"
"bgh05172","magenta"
"bgh05363","yellow"
"bgh05847","blue"
"bghG004621000001001","brown"
"bgh03977","yellow"
"bgh04693","turquoise"
"bgh00627","yellow"
"bgh02590","brown"
"bgh04722","turquoise"
"bgh05057","turquoise"
"bgh03711","green"
"bgh04683","green"
"bgh04686","green"
"bgh04689","green"
"bgh01021","turquoise"
"bgh06464","turquoise"
"bgh06836","turquoise"
"bgh04720","turquoise"
"bgh02547","blue"
"bgh01921","red"
"bgh02605","brown"
"bgh04717","turquoise"
"bgh00244","yellow"
"bgh04824","red"
"bgh01919","yellow"
"bgh01920","yellow"
"bgh04713","blue"
"bgh06856","yellow"
"bgh01918","brown"
"bgh04711","turquoise"
"bgh04676","green"
"bgh05467","yellow"
"bgh01917","turquoise"
"bgh05404","brown"
"bgh06173","turquoise"
"bgh01682","brown"
"bgh06607","yellow"
"bgh01675","turquoise"
"bgh04706","black"
"bgh04528","brown"
"bgh00772","blue"
"bgh06923","turquoise"
"bgh01002","red"
"bgh01003","turquoise"
"bgh04617","yellow"
"bgh05996","turquoise"
"bghG004647000001001","turquoise"
"bgh01358","turquoise"
"bgh01520","brown"
"bgh01004","turquoise"
"bgh01368","yellow"
"bgh05735","blue"
"bghG004658000001001","turquoise"
"bgh05167","turquoise"
"bgh05267","turquoise"
"bgh00002","turquoise"
"bgh04852","yellow"
"bgh00428","brown"
"bghG004674000001001","blue"
"bgh00407","brown"
"bgh00415","turquoise"
"bgh00378","brown"
"bgh00389","brown"
"bgh02243","red"
"bgh05182","turquoise"
"bgh00419","pink"
"bgh06425","turquoise"
"bgh00405","yellow"
"bgh00406","red"
"bgh00416","brown"
"bgh06363","green"
"bghG004685000001001","turquoise"
"bgh06352","magenta"
"bgh00211","brown"
"bgh00404","brown"
"bgh06465","blue"
"bghG004686000001001","brown"
"bgh05957","brown"
"bgh02089","brown"
"bgh02848","brown"
"bgh00779","blue"
"bgh03697","turquoise"
"bgh00041","blue"
"bgh02954","blue"
"bgh05775","turquoise"
"bgh01900","red"
"bghG004728000001001","blue"
"bgh03027","brown"
"bgh04326","blue"
"bgh05063","turquoise"
"bgh05064","blue"
"bgh00578","turquoise"
"bgh03743","green"
"bgh05004","green"
"bgh00440","green"
"bgh00586","red"
"bgh00210","green"
"bgh00568","blue"
"bgh03179","turquoise"
"bgh01118","red"
"bgh03174","yellow"
"bgh00291","turquoise"
"bgh00832","green"
"bgh06685","blue"
"bgh05699","turquoise"
"bgh03034","green"
"bgh00833","yellow"
"bgh02969","black"
"bgh05155","brown"
"bgh04333","turquoise"
"bgh04682","black"
"bghG004747000001001","blue"
"bgh02037","blue"
"bgh05965","turquoise"
"bgh06192","turquoise"
"bgh05691","turquoise"
"bgh06850","turquoise"
"bgh01767","yellow"
"bgh01768","blue"
"bghG004751000001001","blue"
"bgh00830","turquoise"
"bghG004753000001001","turquoise"
"bgh04316","brown"
"bgh06134","blue"
"bgh00831","brown"
"bgh02458","turquoise"
"bgh02460","brown"
"bgh03947","green"
"bgh00075","blue"
"bgh01071","blue"
"bgh00197","green"
"bgh03085","turquoise"
"bgh05460","magenta"
"bgh01070","black"
"bgh03520","black"
"bgh06135","brown"
"bgh02725","yellow"
"bghG004771000001001","black"
"bgh01073","brown"
"bgh01827","yellow"
"bgh05611","blue"
"bghG004772000001001","red"
"bgh00143","turquoise"
"bgh01072","blue"
"bgh02810","brown"
"bgh03044","green"
"bgh03524","blue"
"bgh05509","red"
"bgh05867","green"
"bgh00483","red"
"bgh01717","blue"
"bgh02658","yellow"
"bgh03647","turquoise"
"bghG004792000001001","turquoise"
"bgh03953","blue"
"bghG004797000001001","blue"
"bgh03823","blue"
"bgh04168","yellow"
"bgh00556","red"
"bgh00066","yellow"
"bgh05011","blue"
"bgh03821","green"
"bgh06747","green"
"bgh02371","yellow"
"bgh05165","blue"
"bgh05287","yellow"
"bgh01591","turquoise"
"bgh01592","turquoise"
"bgh00092","pink"
"bgh03065","black"
"bgh03056","blue"
"bgh00946","brown"
"bgh01230","turquoise"
"bgh04928","green"
"bgh05471","brown"
"bgh01074","blue"
"bgh06461","blue"
"bgh05327","green"
"bgh03532","green"
"bgh05397","blue"
"bgh05839","blue"
"bgh01841","black"
"bgh01846","blue"
"bgh01837","blue"
"bgh01849","magenta"
"bgh05303","yellow"
"bghG004848000001001","yellow"
"bgh00200","yellow"
"bgh02134","turquoise"
"bgh02660","red"
"bgh05082","red"
"bgh05274","green"
"bgh06000","brown"
"bghG004850000001001","brown"
"bgh05723","red"
"bgh06329","yellow"
"bgh02451","yellow"
"bgh05080","blue"
"bgh05081","yellow"
"bgh06524","yellow"
"bgh00742","red"
"bgh00345","blue"
"bgh02974","blue"
"bgh02316","yellow"
"bgh02450","turquoise"
"bgh02403","blue"
"bgh03860","yellow"
"bghG004871000001001","brown"
"bghG004871000002001","brown"
"bgh02327","turquoise"
"bgh06902","turquoise"
"bgh02341","blue"
"bgh02356","blue"
"bgh03423","black"
"bgh04615","red"
"bgh02379","yellow"
"bgh02383","brown"
"bgh04610","red"
"bgh04630","magenta"
"bgh03118","black"
"bgh03119","blue"
"bgh03426","turquoise"
"bgh00509","red"
"bgh05206","turquoise"
"bgh01559","brown"
"bgh04391","blue"
"bgh04395","red"
"bgh00237","turquoise"
"bgh03298","blue"
"bghG004886000001001","blue"
"bghG004886000002001","blue"
"bgh02240","blue"
"bgh04545","brown"
"bgh04547","turquoise"
"bgh02949","brown"
"bgh02950","red"
"bgh06571","turquoise"
"bgh02258","blue"
"bgh01763","turquoise"
"bgh01765","blue"
"bgh02009","blue"
"bgh02006","turquoise"
"bgh05568","green"
"bgh02003","turquoise"
"bgh05602","turquoise"
"bgh00735","blue"
"bgh01769","blue"
"bgh04905","turquoise"
"bgh01652","blue"
"bgh01756","turquoise"
"bgh01753","black"
"bgh02502","blue"
"bgh05842","blue"
"bgh01761","black"
"bgh02504","turquoise"
"bghG004904000001001","brown"
"bgh06945","blue"
"bgh04867","yellow"
"bgh00289","red"
"bgh01514","blue"
"bgh05441","blue"
"bgh06065","brown"
"bgh06256","yellow"
"bghG004910000001001","turquoise"
"bghG004910000003001","brown"
"bghG004910000002001","brown"
"bgh02872","turquoise"
"bgh01513","turquoise"
"bghG004913000001001","brown"
"bgh01502","blue"
"bgh02368","yellow"
"bgh04747","brown"
"bgh02335","brown"
"bgh04505","turquoise"
"bgh01518","magenta"
"bgh01506","turquoise"
"bgh01509","green"
"bgh01510","red"
"bgh00119","turquoise"
"bgh02357","yellow"
"bgh01504","pink"
"bgh01505","black"
"bgh02332","yellow"
"bgh04712","brown"
"bgh01512","turquoise"
"bgh03003","turquoise"
"bgh01501","blue"
"bgh04704","yellow"
"bgh02345","green"
"bghG004922000001001","brown"
"bgh02326","turquoise"
"bgh02339","turquoise"
"bgh05736","yellow"
"bgh01813","turquoise"
"bgh01500","turquoise"
"bgh01519","yellow"
"bgh04264","blue"
"bgh05378","blue"
"bgh06422","yellow"
"bghG004927000001001","brown"
"bgh01499","turquoise"
"bgh01794","brown"
"bgh03635","yellow"
"bgh05547","turquoise"
"bghG004928000001001","brown"
"bgh01803","brown"
"bgh00304","blue"
"bgh01806","black"
"bgh06620","blue"
"bgh01798","turquoise"
"bghG004933000001001","turquoise"
"bgh00673","turquoise"
"bgh02130","blue"
"bgh06853","yellow"
"bghG004934000002001","yellow"
"bgh02129","red"
"bgh02128","blue"
"bgh03168","turquoise"
"bgh03170","turquoise"
"bgh02136","turquoise"
"bgh00331","green"
"bgh01472","green"
"bgh02837","blue"
"bgh01879","turquoise"
"bgh01581","brown"
"bgh02140","red"
"bgh02125","brown"
"bgh02127","turquoise"
"bgh03282","turquoise"
"bgh05444","turquoise"
"bgh06966","turquoise"
"bgh00402","black"
"bgh03962","yellow"
"bgh00208","green"
"bgh06223","green"
"bgh06953","turquoise"
"bgh05454","yellow"
"bgh05696","brown"
"bgh00178","yellow"
"bgh02124","red"
"bgh02135","yellow"
"bghG004953000001001","black"
"bgh02968","yellow"
"bgh03661","magenta"
"bgh05469","blue"
"bgh02086","red"
"bgh05304","blue"
"bgh01413","purple"
"bgh02672","blue"
"bgh05886","blue"
"bghG004968000001001","brown"
"bgh04995","brown"
"bgh04996","turquoise"
"bgh02667","yellow"
"bgh02674","brown"
"bgh02675","blue"
"bgh00106","brown"
"bgh02313","green"
"bgh02869","pink"
"bgh02870","red"
"bgh05834","blue"
"bgh05832","blue"
"bgh06282","blue"
"bgh02302","blue"
"bgh00889","red"
"bgh02063","blue"
"bghG004980000001001","pink"
"bgh02067","brown"
"bghG004981000001001","turquoise"
"bgh02065","brown"
"bgh02249","turquoise"
"bghG004982000001001","turquoise"
"bghG004983000001001","turquoise"
"bghG004983000002001","green"
"bghG004983000003001","turquoise"
"bghG004983000004001","brown"
"bghG004984000001001","green"
"bgh02019","blue"
"bgh02020","red"
"bgh02251","blue"
"bgh02252","turquoise"
"bgh02253","turquoise"
"bgh02064","blue"
"bgh02069","blue"
"bgh03753","red"
"bgh02254","magenta"
"bgh02255","turquoise"
"bgh02743","brown"
"bgh03791","brown"
"bgh00051","blue"
"bghG005001000001001","turquoise"
"bgh03009","turquoise"
"bgh03019","black"
"bgh00026","turquoise"
"bgh01066","red"
"bgh06910","blue"
"bgh02795","yellow"
"bgh05102","green"
"bgh00795","blue"
"bghG005039000001001","blue"
"bgh03008","yellow"
"bgh06608","brown"
"bgh00543","brown"
"bgh06445","turquoise"
"bgh02507","blue"
"bgh04812","pink"
"bgh00983","blue"
"bgh01009","brown"
"bgh01801","blue"
"bgh05973","green"
"bgh06260","turquoise"
"bgh01784","turquoise"
"bgh01793","blue"
"bgh05170","turquoise"
"bgh00358","black"
"bgh01700","yellow"
"bgh05046","blue"
"bgh04605","turquoise"
"bgh06796","turquoise"
"bgh00978","red"
"bgh00979","blue"
"bgh00980","pink"
"bgh04368","blue"
"bgh00355","red"
"bgh06250","turquoise"
"bgh03098","brown"
"bgh04552","brown"
"bgh05275","brown"
"bgh00086","turquoise"
"bgh03335","red"
"bgh04551","brown"
"bgh00768","brown"
"bgh06049","turquoise"
"bgh04581","blue"
"bgh05764","green"
"bgh00349","blue"
"bgh00607","green"
"bgh04582","magenta"
"bgh04579","green"
"bgh00603","blue"
"bgh06686","magenta"
"bghG005086000001001","turquoise"
"bgh04550","brown"
"bgh06092","turquoise"
"bghG005088000002001","blue"
"bgh04549","yellow"
"bgh02528","blue"
"bgh04548","blue"
"bgh04572","green"
"bghG005088000001001","brown"
"bgh04874","blue"
"bgh00207","yellow"
"bgh06570","brown"
"bgh03156","black"
"bgh02453","blue"
"bgh02454","turquoise"
"bgh01143","green"
"bgh03062","brown"
"bgh00635","green"
"bgh00071","brown"
"bgh06342","blue"
"bgh04522","blue"
"bgh00270","red"
"bghG005103000001001","blue"
"bgh06676","pink"
"bgh00190","turquoise"
"bgh00809","brown"
"bgh03853","brown"
"bgh01771","brown"
"bgh03083","green"
"bgh03099","turquoise"
"bgh01451","green"
"bgh02377","blue"
"bgh02727","green"
"bgh02609","yellow"
"bgh02372","turquoise"
"bgh05162","turquoise"
"bgh01450","red"
"bgh02607","red"
"bgh02616","blue"
"bgh04823","blue"
"bgh01455","blue"
"bgh02610","black"
"bgh02611","turquoise"
"bgh02615","turquoise"
"bgh01453","yellow"
"bgh03216","yellow"
"bgh03143","blue"
"bgh00802","blue"
"bgh03573","blue"
"bgh00820","green"
"bgh02951","brown"
"bgh03681","turquoise"
"bgh03779","turquoise"
"bgh00705","yellow"
"bgh05538","blue"
"bgh01452","blue"
"bgh05130","yellow"
"bgh01165","turquoise"
"bgh05513","brown"
"bgh00683","brown"
"bgh00684","black"
"bgh01470","blue"
"bgh01980","green"
"bgh01997","brown"
"bgh01998","brown"
"bgh01468","turquoise"
"bgh04502","green"
"bgh05527","yellow"
"bgh00269","turquoise"
"bgh01270","turquoise"
"bgh05558","blue"
"bgh01777","black"
"bgh03836","blue"
"bgh04126","blue"
"bgh00300","brown"
"bgh00306","blue"
"bgh05202","green"
"bgh00132","green"
"bgh02973","purple"
"bghG005160000001001","turquoise"
"bgh01268","brown"
"bgh03617","blue"
"bgh01263","blue"
"bgh01266","brown"
"bgh00301","blue"
"bgh04212","blue"
"bgh05158","turquoise"
"bgh00821","blue"
"bgh02811","green"
"bgh06210","brown"
"bgh00094","turquoise"
"bgh00597","brown"
"bgh05154","brown"
"bgh00822","pink"
"bgh05233","pink"
"bgh00302","brown"
"bgh05085","yellow"
"bgh05239","turquoise"
"bgh05207","brown"
"bgh05204","turquoise"
"bgh04127","green"
"bgh04216","red"
"bgh01821","brown"
"bgh04131","yellow"
"bgh01890","yellow"
"bgh00310","blue"
"bgh05231","blue"
"bgh04134","brown"
"bgh06705","blue"
"bgh05263","blue"
"bgh04132","turquoise"
"bgh05203","pink"
"bgh05238","green"
"bgh01297","red"
"bgh00632","turquoise"
"bgh00633","turquoise"
"bgh00130","turquoise"
"bgh03787","turquoise"
"bgh03788","turquoise"
"bgh02843","turquoise"
"bghG005233000001001","brown"
"bghG005255000001001","brown"
"bgh01737","turquoise"
"bgh01754","blue"
"bgh03020","yellow"
"bgh06491","black"
"bgh03741","turquoise"
"bghG005266000001001","brown"
"bghG005293000001001","brown"
"bgh00097","green"
"bgh04433","black"
"bgh01033","blue"
"bgh06016","turquoise"
"bghG005298000001001","turquoise"
"bghG005298000002001","turquoise"
"bgh03574","brown"
"bgh03576","yellow"
"bgh05911","blue"
"bghG005299000001001","brown"
"bgh01038","yellow"
"bgh04054","red"
"bgh05868","magenta"
"bgh03122","blue"
"bgh05375","blue"
"bgh04055","yellow"
"bgh04189","turquoise"
"bgh04950","blue"
"bgh04952","turquoise"
"bgh01034","brown"
"bgh01035","red"
"bgh04434","red"
"bgh04435","turquoise"
"bgh01991","green"
"bgh01993","blue"
"bgh01036","black"
"bgh00941","brown"
"bgh02470","pink"
"bgh02586","blue"
"bgh04777","blue"
"bghG005311000001001","brown"
"bgh02468","blue"
"bgh05244","yellow"
"bgh03879","turquoise"
"bgh04410","yellow"
"bgh01039","red"
"bgh06042","brown"
"bgh00763","blue"
"bgh04057","turquoise"
"bghG005316000001001","red"
"bgh02791","brown"
"bgh04523","green"
"bgh02307","blue"
"bgh04542","turquoise"
"bghG005329000001001","brown"
"bgh02288","blue"
"bgh02300","green"
"bgh05677","yellow"
"bgh02235","blue"
"bgh03908","brown"
"bgh02239","yellow"
"bgh03049","blue"
"bgh04619","red"
"bgh06303","magenta"
"bgh02921","yellow"
"bgh02399","blue"
"bgh04688","yellow"
"bghG005332000001001","red"
"bgh00438","turquoise"
"bgh06605","black"
"bgh02435","black"
"bghG005334000001001","blue"
"bgh03299","yellow"
"bghG005335000001001","black"
"bgh00332","green"
"bgh03748","brown"
"bgh04855","turquoise"
"bgh05717","brown"
"bgh00145","green"
"bgh04707","brown"
"bgh04748","turquoise"
"bgh05608","pink"
"bgh01445","turquoise"
"bgh01446","brown"
"bgh01447","turquoise"
"bgh04668","turquoise"
"bgh01005","yellow"
"bgh05499","turquoise"
"bgh01444","brown"
"bghG005342000001001","yellow"
"bgh04746","blue"
"bgh00719","green"
"bgh01441","turquoise"
"bgh01442","blue"
"bgh05258","black"
"bgh06447","blue"
"bgh05409","yellow"
"bgh02452","blue"
"bghG005344000001001","green"
"bgh02558","green"
"bghG005355000001001","turquoise"
"bgh00871","red"
"bgh01963","turquoise"
"bgh02608","green"
"bgh06448","green"
"bgh00879","yellow"
"bgh01936","red"
"bgh01961","turquoise"
"bgh01931","yellow"
"bgh01962","turquoise"
"bgh01930","green"
"bgh01934","red"
"bgh02090","blue"
"bgh01929","yellow"
"bgh00124","green"
"bgh00188","red"
"bgh00366","red"
"bgh00491","blue"
"bgh04286","yellow"
"bgh04829","blue"
"bgh06707","green"
"bgh00490","brown"
"bgh03672","yellow"
"bgh03286","turquoise"
"bgh03472","yellow"
"bgh06248","blue"
"bgh02822","green"
"bgh05494","black"
"bgh04285","turquoise"
"bgh03648","black"
"bgh05777","red"
"bghG005398000001001","brown"
"bgh04284","blue"
"bghG005399000001001","brown"
"bgh03473","blue"
"bghG005399000002001","blue"
"bgh04283","red"
"bgh05632","black"
"bgh02386","green"
"bgh04280","brown"
"bghG005400000001001","brown"
"bgh06050","red"
"bgh04613","blue"
"bghG005404000001001","green"
"bgh00771","green"
"bgh01774","turquoise"
"bghG005404000002001","blue"
"bgh03247","brown"
"bgh04869","yellow"
"bgh04276","yellow"
"bgh03446","blue"
"bgh04279","blue"
"bgh02641","pink"
"bgh04275","turquoise"
"bgh05015","brown"
"bgh00017","turquoise"
"bghG005420000001001","turquoise"
"bgh05160","turquoise"
"bgh05145","brown"
"bghG005435000001001","turquoise"
"bgh00046","blue"
"bgh00892","turquoise"
"bghG005449000001001","yellow"
"bgh00022","blue"
"bgh00801","blue"
"bgh00192","purple"
"bghG005458000001001","turquoise"
"bgh00549","blue"
"bgh04844","blue"
"bghG005461000001001","turquoise"
"bgh03885","red"
"bghG005464000001001","green"
"bgh00869","black"
"bgh03945","blue"
"bgh00868","black"
"bgh04912","red"
"bgh00865","blue"
"bgh00866","blue"
"bgh04660","blue"
"bgh06228","green"
"bgh06543","blue"
"bgh00867","blue"
"bgh06201","turquoise"
"bghG005474000001001","brown"
"bgh03262","green"
"bgh03263","yellow"
"bgh04842","turquoise"
"bgh00160","green"
"bgh02267","brown"
"bgh04618","pink"
"bgh04968","green"
"bgh01648","turquoise"
"bgh02026","turquoise"
"bgh02150","turquoise"
"bgh06196","black"
"bgh02555","yellow"
"bgh02556","pink"
"bgh03507","turquoise"
"bgh03454","magenta"
"bgh05596","purple"
"bghG005480000002001","brown"
"bgh01804","blue"
"bgh02025","yellow"
"bgh04805","turquoise"
"bgh04966","brown"
"bghG005483000001001","blue"
"bgh01814","green"
"bgh00522","turquoise"
"bgh04967","yellow"
"bgh02576","brown"
"bgh04609","blue"
"bgh01982","turquoise"
"bgh04622","brown"
"bgh06896","blue"
"bgh03825","turquoise"
"bgh01938","blue"
"bgh06315","red"
"bgh06400","blue"
"bgh04627","brown"
"bgh01883","brown"
"bgh04629","blue"
"bgh06289","blue"
"bgh00069","turquoise"
"bgh01819","blue"
"bgh01842","blue"
"bgh05142","blue"
"bgh06046","magenta"
"bgh03965","turquoise"
"bgh05123","brown"
"bgh02827","turquoise"
"bghG005501000001001","turquoise"
"bgh01759","green"
"bgh02772","green"
"bgh01912","turquoise"
"bgh01589","brown"
"bgh01590","magenta"
"bgh01908","green"
"bgh01913","black"
"bgh01915","green"
"bgh05761","brown"
"bgh01907","brown"
"bgh05784","yellow"
"bgh02599","turquoise"
"bghG005518000001001","yellow"
"bghG005518000002001","brown"
"bgh01903","turquoise"
"bgh02148","blue"
"bgh02149","turquoise"
"bgh02245","brown"
"bgh02147","blue"
"bgh00370","red"
"bgh02242","yellow"
"bgh02244","blue"
"bgh02781","yellow"
"bgh00369","brown"
"bgh03380","brown"
"bghG005534000002001","blue"
"bgh03921","turquoise"
"bgh06218","red"
"bgh00997","turquoise"
"bgh04839","blue"
"bghG005534000001001","turquoise"
"bgh02218","turquoise"
"bghG005534000003001","turquoise"
"bgh02847","magenta"
"bgh05656","turquoise"
"bghG005536000001001","brown"
"bgh02248","yellow"
"bgh03707","turquoise"
"bgh06582","blue"
"bgh02846","yellow"
"bgh02780","yellow"
"bgh01882","turquoise"
"bgh03048","black"
"bgh02867","turquoise"
"bgh03230","brown"
"bgh06068","green"
"bgh05645","green"
"bgh06865","brown"
"bgh01433","turquoise"
"bgh01585","turquoise"
"bgh02186","brown"
"bgh06849","blue"
"bghG005548000001001","yellow"
"bgh01584","blue"
"bgh00161","green"
"bgh01580","blue"
"bgh01587","red"
"bgh05591","blue"
"bgh06194","blue"
"bgh02187","brown"
"bgh02993","magenta"
"bgh01988","turquoise"
"bgh03551","blue"
"bgh05290","pink"
"bgh04953","black"
"bgh00029","green"
"bghG005569000001001","blue"
"bghG005569000002001","blue"
"bgh06706","brown"
"bgh04593","turquoise"
"bgh03963","turquoise"
"bgh04591","blue"
"bgh04592","yellow"
"bgh05009","red"
"bghG005573000001001","blue"
"bgh02937","yellow"
"bgh05152","turquoise"
"bgh00901","blue"
"bgh02681","yellow"
"bgh05437","red"
"bgh00902","magenta"
"bgh06421","pink"
"bgh02662","yellow"
"bgh02664","green"
"bgh00079","red"
"bgh00906","green"
"bgh02247","yellow"
"bgh02261","turquoise"
"bgh02936","turquoise"
"bgh05157","yellow"
"bgh00098","turquoise"
"bgh05302","brown"
"bgh05453","pink"
"bgh00929","turquoise"
"bgh01651","turquoise"
"bgh02906","blue"
"bgh04808","blue"
"bgh03445","turquoise"
"bghG005606000001001","brown"
"bgh03291","pink"
"bgh02041","black"
"bgh05166","yellow"
"bgh06167","pink"
"bgh00678","brown"
"bgh00726","brown"
"bgh02066","yellow"
"bgh01208","black"
"bgh02183","black"
"bgh02005","blue"
"bgh02015","red"
"bghG005613000001001","magenta"
"bgh01244","turquoise"
"bgh04856","green"
"bghG005615000001001","blue"
"bgh02002","blue"
"bgh04233","brown"
"bgh01253","green"
"bgh02013","turquoise"
"bgh05347","blue"
"bgh01255","brown"
"bgh06116","yellow"
"bgh05836","brown"
"bgh01388","blue"
"bgh04438","blue"
"bgh03726","brown"
"bgh03768","magenta"
"bgh03770","green"
"bgh00755","turquoise"
"bgh01397","yellow"
"bgh05401","red"
"bgh01386","black"
"bgh00163","brown"
"bgh03281","turquoise"
"bgh03283","brown"
"bgh05032","brown"
"bgh01387","brown"
"bgh01394","yellow"
"bgh03279","yellow"
"bgh03280","turquoise"
"bgh03776","turquoise"
"bgh02431","green"
"bgh02644","blue"
"bgh04764","blue"
"bgh06074","green"
"bgh04969","red"
"bgh04970","pink"
"bgh04971","red"
"bgh06477","black"
"bgh02646","blue"
"bgh02592","blue"
"bgh02645","red"
"bgh04738","blue"
"bgh02591","red"
"bgh04749","turquoise"
"bgh04761","green"
"bgh06166","turquoise"
"bgh05179","green"
"bgh05985","green"
"bgh03097","turquoise"
"bgh04568","yellow"
"bgh04601","black"
"bgh01656","blue"
"bgh04768","yellow"
"bgh04779","blue"
"bgh03630","turquoise"
"bgh04570","blue"
"bgh01683","magenta"
"bgh01687","red"
"bgh01694","yellow"
"bgh01696","red"
"bgh02539","turquoise"
"bgh04733","blue"
"bgh02642","yellow"
"bgh02643","magenta"
"bgh04728","yellow"
"bgh04802","yellow"
"bgh02647","blue"
"bgh03613","turquoise"
"bgh05630","blue"
"bghG005703000001001","blue"
"bgh02723","blue"
"bgh02747","brown"
"bgh00311","blue"
"bgh00019","brown"
"bgh04402","green"
"bgh04718","brown"
"bgh02726","turquoise"
"bgh03887","turquoise"
"bgh03890","turquoise"
"bgh05344","blue"
"bghG005712000001001","blue"
"bgh04597","blue"
"bghG005727000001001","red"
"bgh01090","turquoise"
"bgh01123","red"
"bgh06722","turquoise"
"bgh06612","green"
"bgh01121","red"
"bgh04315","blue"
"bgh02786","brown"
"bgh00368","turquoise"
"bgh01120","brown"
"bgh01971","black"
"bghG005750000002001","brown"
"bgh04255","turquoise"
"bgh01119","brown"
"bgh01124","turquoise"
"bgh05324","brown"
"bghG005750000001001","turquoise"
"bgh00792","blue"
"bgh05276","brown"
"bgh04248","brown"
"bgh05489","turquoise"
"bgh06338","black"
"bghG005763000001001","turquoise"
"bghG005771000001001","pink"
"bghG005776000001001","black"
"bgh01616","brown"
"bgh06305","turquoise"
"bgh01873","turquoise"
"bghG005783000001001","brown"
"bgh01886","blue"
"bgh06841","red"
"bgh00365","turquoise"
"bgh01614","green"
"bghG005786000001001","green"
"bgh03808","red"
"bgh03045","yellow"
"bgh01608","blue"
"bgh01848","blue"
"bghG005808000001001","brown"
"bgh01836","brown"
"bghG005814000001001","blue"
"bgh02717","red"
"bgh02896","purple"
"bgh01831","turquoise"
"bgh03535","green"
"bgh04412","green"
"bghG005823000001001","brown"
"bgh03694","green"
"bgh01486","green"
"bgh01487","brown"
"bghG005841000001001","brown"
"bgh04113","turquoise"
"bghG005853000001001","blue"
"bgh00546","pink"
"bgh01030","blue"
"bgh02112","blue"
"bgh02114","brown"
"bgh03451","red"
"bgh06395","turquoise"
"bghG005860000001001","blue"
"bgh06773","magenta"
"bgh01029","red"
"bgh05066","turquoise"
"bgh00042","brown"
"bgh00621","yellow"
"bgh01028","blue"
"bgh02597","green"
"bgh04052","brown"
"bghG005862000001001","brown"
"bgh02113","turquoise"
"bgh02579","black"
"bghG005871000001001","turquoise"
"bgh06769","magenta"
"bgh02903","turquoise"
"bgh02184","brown"
"bgh01826","red"
"bgh05164","magenta"
"bgh05704","red"
"bgh00854","turquoise"
"bgh02737","red"
"bgh03769","turquoise"
"bgh05817","green"
"bgh01834","black"
"bgh04902","blue"
"bgh06929","blue"
"bgh00165","yellow"
"bgh00762","magenta"
"bgh01911","blue"
"bgh02648","blue"
"bgh01910","red"
"bgh03543","green"
"bgh06213","blue"
"bgh01916","brown"
"bgh01937","yellow"
"bgh01939","green"
"bgh06295","turquoise"
"bgh01179","turquoise"
"bgh06120","blue"
"bgh01176","yellow"
"bgh04359","red"
"bgh03425","green"
"bgh06405","pink"
"bgh02072","purple"
"bgh03258","brown"
"bgh00043","blue"
"bghG005935000001001","turquoise"
"bghG005939000001001","turquoise"
"bgh00710","brown"
"bghG005940000002001","brown"
"bgh02084","yellow"
"bgh02085","red"
"bgh03529","red"
"bgh03544","yellow"
"bghG005940000001001","turquoise"
"bgh02082","red"
"bgh04048","red"
"bghG005942000001001","brown"
"bgh00708","yellow"
"bghG005948000001001","green"
"bgh02701","green"
"bgh02550","red"
"bghG005977000001001","brown"
"bghG005985000001001","turquoise"
"bghG005989000001001","turquoise"
"bghG005990000001001","brown"
"bghG005990000002001","brown"
"bgh05581","green"
"bgh02050","black"
"bgh02816","turquoise"
"bgh03519","turquoise"
"bgh02047","black"
"bgh00009","red"
"bgh04906","brown"
"bgh02045","yellow"
"bgh02048","black"
"bgh02619","red"
"bgh04038","blue"
"bgh02046","red"
"bgh02052","turquoise"
"bgh02056","blue"
"bgh00133","brown"
"bgh06926","turquoise"
"bghG005992000002001","green"
"bghG005992000001001","turquoise"
"bghG006000000001001","turquoise"
"bgh03052","black"
"bghG006005000001001","red"
"bgh05092","yellow"
"bgh02887","yellow"
"bgh06373","yellow"
"bgh02622","brown"
"bghG006008000001001","brown"
"bghG006021000001001","turquoise"
"bgh05788","yellow"
"bgh06631","turquoise"
"bghG006028000001001","turquoise"
"bghG006029000001001","turquoise"
"bgh00067","green"
"bgh00410","yellow"
"bgh03452","turquoise"
"bghG006034000001001","yellow"
"bgh00430","blue"
"bgh00425","turquoise"
"bgh00432","brown"
"bgh02373","red"
"bgh06242","turquoise"
"bgh00218","green"
"bgh00775","brown"
"bgh00412","turquoise"
"bgh00493","blue"
"bgh04853","turquoise"
"bgh06056","green"
"bgh03625","green"
"bgh05376","pink"
"bgh01999","magenta"
"bgh02000","blue"
"bgh03139","brown"
"bgh05185","brown"
"bgh05815","blue"
"bgh05249","red"
"bgh00413","brown"
"bgh00250","green"
"bgh04854","blue"
"bghG006049000002001","red"
"bghG006049000001001","turquoise"
"bgh02734","blue"
"bghG006060000001001","turquoise"
"bghG006061000001001","turquoise"
"bgh00240","turquoise"
"bgh01708","yellow"
"bgh06281","turquoise"
"bgh00429","brown"
"bgh00587","brown"
"bghG006074000002001","green"
"bgh03002","pink"
"bgh00606","blue"
"bghG006074000001001","blue"
"bgh06595","green"
"bgh02900","red"
"bgh05592","green"
"bgh06553","turquoise"
"bgh01881","blue"
"bghG006098000001001","blue"
"bgh00038","blue"
"bgh00604","turquoise"
"bgh00624","blue"
"bgh04418","turquoise"
"bgh04420","blue"
"bgh06087","turquoise"
"bgh06762","green"
"bgh02657","yellow"
"bgh04382","turquoise"
"bgh04757","yellow"
"bgh04393","pink"
"bgh04417","red"
"bgh02538","red"
"bgh02544","yellow"
"bgh03271","turquoise"
"bgh06040","turquoise"
"bgh02277","blue"
"bgh03339","blue"
"bgh03862","blue"
"bgh04385","blue"
"bgh06609","blue"
"bghG006116000001001","yellow"
"bgh00316","blue"
"bgh02694","yellow"
"bgh04401","blue"
"bgh04414","turquoise"
"bgh04415","turquoise"
"bgh05319","black"
"bgh00012","green"
"bgh01863","blue"
"bgh02139","blue"
"bgh02815","yellow"
"bgh03725","blue"
"bgh02138","yellow"
"bgh03132","yellow"
"bgh02690","green"
"bgh00149","turquoise"
"bgh02192","blue"
"bgh02194","blue"
"bgh02193","turquoise"
"bgh02191","blue"
"bgh01744","green"
"bgh02501","turquoise"
"bgh03079","blue"
"bghG006215000001001","blue"
"bghG006215000002001","blue"
"bghG006215000003001","blue"
"bghG006225000001001","brown"
"bgh01896","blue"
"bgh01891","turquoise"
"bghG006233000001001","brown"
"bghG006236000001001","turquoise"
"bghG006237000001001","turquoise"
"bgh01894","turquoise"
"bgh01895","turquoise"
"bghG006238000001001","turquoise"
"bgh04725","green"
"bghG006239000001001","brown"
"bghG006240000001001","brown"
"bghG006244000001001","brown"
"bgh03259","blue"
"bgh06505","magenta"
"bghG006244000002001","green"
"bgh01783","yellow"
"bgh03986","yellow"
"bgh05488","yellow"
"bghG006246000001001","red"
"bgh01893","green"
"bgh03293","red"
"bgh01892","brown"
"bgh03603","purple"
"bgh04257","brown"
"bgh03638","yellow"
"bgh03639","turquoise"
"bgh00858","blue"
"bgh03723","yellow"
"bgh03006","green"
"bghG006273000001001","turquoise"
"bghG006289000001001","turquoise"
"bghG006297000001001","turquoise"
"bgh03818","turquoise"
"bghG006299000001001","turquoise"
"bgh06230","turquoise"
"bghG006307000001001","turquoise"
"bgh02272","green"
"bgh03471","blue"
"bgh03565","brown"
"bgh05931","brown"
"bgh01703","turquoise"
"bgh01719","brown"
"bgh05913","red"
"bgh01701","brown"
"bgh01712","turquoise"
"bgh04249","turquoise"
"bgh04187","green"
"bgh04250","blue"
"bgh05017","green"
"bgh00570","red"
"bgh03537","yellow"
"bgh05390","yellow"
"bgh06485","turquoise"
"bgh05018","yellow"
"bgh05019","brown"
"bghG006335000001001","turquoise"
"bgh04377","turquoise"
"bgh03150","pink"
"bgh06823","brown"
"bghG006345000001001","black"
"bgh02890","pink"
"bgh06283","blue"
"bgh00743","yellow"
"bgh00745","red"
"bgh03513","turquoise"
"bgh00262","magenta"
"bgh02823","purple"
"bgh02899","red"
"bghG006346000001001","yellow"
"bgh00542","yellow"
"bgh02994","yellow"
"bgh06039","blue"
"bgh02990","pink"
"bgh05914","brown"
"bgh01681","blue"
"bgh01676","yellow"
"bgh05571","blue"
"bgh06560","brown"
"bgh01690","turquoise"
"bgh05463","turquoise"
"bgh05750","yellow"
"bgh06158","yellow"
"bgh02612","red"
"bgh05955","blue"
"bgh01975","brown"
"bgh03222","brown"
"bgh05598","blue"
"bgh01977","green"
"bgh02469","yellow"
"bgh05885","turquoise"
"bgh01964","yellow"
"bgh01965","turquoise"
"bgh02110","turquoise"
"bgh01953","red"
"bgh05293","turquoise"
"bgh01966","blue"
"bgh05854","turquoise"
"bgh02123","turquoise"
"bgh01959","turquoise"
"bgh01960","turquoise"
"bgh01972","yellow"
"bgh01974","blue"
"bgh01978","yellow"
"bgh00674","yellow"
"bgh01983","blue"
"bgh00686","brown"
"bgh02889","black"
"bgh02893","yellow"
"bghG006391000001001","yellow"
"bgh02457","magenta"
"bgh05083","blue"
"bgh02683","brown"
"bghG006402000004001","turquoise"
"bgh00527","red"
"bgh02685","blue"
"bgh03856","red"
"bghG006402000003001","brown"
"bgh01056","yellow"
"bgh06252","green"
"bgh06597","yellow"
"bghG006402000002001","blue"
"bgh00851","turquoise"
"bgh04524","green"
"bgh04565","turquoise"
"bghG006402000005001","brown"
"bghG006403000002001","brown"
"bghG006406000001001","blue"
"bgh02682","brown"
"bgh05708","red"
"bgh06004","blue"
"bgh01424","turquoise"
"bgh01145","yellow"
"bgh03618","blue"
"bgh00035","pink"
"bgh00193","green"
"bgh00783","brown"
"bgh01144","green"
"bghG006408000001001","brown"
"bgh03080","turquoise"
"bgh05093","blue"
"bgh05094","turquoise"
"bgh05139","green"
"bgh05461","blue"
"bgh02256","turquoise"
"bghG006420000001001","blue"
"bgh04081","green"
"bgh00095","turquoise"
"bgh02637","blue"
"bghG006435000001001","green"
"bgh00162","green"
"bghG006436000001001","turquoise"
"bgh02636","turquoise"
"bgh02638","brown"
"bghG006436000002001","brown"
"bgh00114","green"
"bgh00590","brown"
"bgh00636","pink"
"bgh06888","yellow"
"bgh01068","purple"
"bgh01635","turquoise"
"bgh00137","turquoise"
"bgh06191","turquoise"
"bgh02323","green"
"bgh02635","brown"
"bgh00053","green"
"bgh02342","green"
"bgh00284","green"
"bgh06540","brown"
"bghG006452000001001","turquoise"
"bgh00073","red"
"bghG006466000001001","green"
"bgh04077","green"
"bgh05086","green"
"bgh05491","green"
"bgh04225","green"
"bgh05412","green"
"bghG006495000001001","red"
"bgh02318","turquoise"
"bgh02325","turquoise"
"bgh04046","green"
"bgh00249","green"
"bghG006508000001001","green"
"bgh04078","green"
"bgh02813","turquoise"
"bgh02814","turquoise"
"bgh04982","yellow"
"bgh04002","green"
"bghG006509000001001","brown"
"bghG006510000001001","blue"
"bgh02340","yellow"
"bgh02349","yellow"
"bghG006513000002001","brown"
"bghG006513000001001","green"
"bgh02986","blue"
"bgh03010","blue"
"bgh05888","black"
"bgh06770","turquoise"
"bghG006515000001001","turquoise"
"bgh02091","blue"
"bgh02092","yellow"
"bgh02207","blue"
"bgh04875","brown"
"bgh00103","turquoise"
"bgh01654","blue"
"bgh06743","yellow"
"bgh06133","brown"
"bgh02939","turquoise"
"bgh02310","turquoise"
"bgh02344","green"
"bgh05925","brown"
"bgh01677","brown"
"bgh04830","brown"
"bgh04832","brown"
"bgh01787","green"
"bgh06882","blue"
"bgh00668","turquoise"
"bgh00670","yellow"
"bgh02751","turquoise"
"bgh05905","turquoise"
"bgh00625","blue"
"bgh02749","blue"
"bgh02851","red"
"bgh05270","turquoise"
"bghG006578000001001","turquoise"
"bghG006578000002001","turquoise"
"bgh02722","blue"
"bgh02724","turquoise"
"bghG006617000001001","pink"
"bgh01210","red"
"bgh01215","yellow"
"bgh01214","brown"
"bgh03704","brown"
"bgh01926","turquoise"
"bgh04698","brown"
"bgh03861","green"
"bgh04836","blue"
"bgh06954","blue"
"bgh00156","blue"
"bgh00367","blue"
"bgh01211","blue"
"bgh00183","blue"
"bgh01213","turquoise"
"bgh03874","turquoise"
"bghG006623000001001","turquoise"
"bgh03901","turquoise"
"bgh00981","yellow"
"bgh00982","brown"
"bgh04381","turquoise"
"bgh04638","yellow"
"bgh01011","blue"
"bgh01010","turquoise"
"bgh00984","blue"
"bgh04268","turquoise"
"bgh06899","turquoise"
"bgh03786","turquoise"
"bgh03138","turquoise"
"bghG006682000001001","green"
"bgh04020","green"
"bgh02456","red"
"bgh04977","yellow"
"bgh04014","green"
"bgh03636","green"
"bgh02031","magenta"
"bgh01593","yellow"
"bgh01595","turquoise"
"bgh03899","brown"
"bghG006712000001001","brown"
"bgh02094","turquoise"
"bgh02146","turquoise"
"bghG006712000002001","brown"
"bgh04907","green"
"bgh02133","blue"
"bgh02137","yellow"
"bgh05528","brown"
"bgh02093","blue"
"bgh02145","brown"
"bgh02032","turquoise"
"bgh02984","blue"
"bgh00903","turquoise"
"bgh00991","black"
"bgh02029","brown"
"bgh02033","turquoise"
"bgh02034","yellow"
"bghG006725000001001","green"
"bgh03505","turquoise"
"bgh02269","red"
"bgh02035","yellow"
"bgh02030","green"
"bgh00896","turquoise"
"bgh04576","black"
"bgh03158","pink"
"bgh02366","green"
"bgh00897","red"
"bgh05297","green"
"bghG006755000001001","turquoise"
"bgh00127","green"
"bgh01014","turquoise"
"bgh05010","yellow"
"bgh05234","yellow"
"bgh03159","brown"
"bgh00553","red"
"bgh00554","blue"
"bgh00565","turquoise"
"bgh05587","turquoise"
"bgh06114","brown"
"bgh05676","turquoise"
"bgh00898","turquoise"
"bgh02713","blue"
"bgh02777","blue"
"bgh02820","blue"
"bgh00667","yellow"
"bgh02053","blue"
"bgh02055","blue"
"bgh00246","blue"
"bgh03724","green"
"bgh03952","blue"
"bgh03719","blue"
"bgh00995","green"
"bgh01844","blue"
"bgh01845","pink"
"bgh06723","blue"
"bghG006807000001001","turquoise"
"bgh01077","green"
"bgh01078","yellow"
"bgh03173","blue"
"bgh00219","turquoise"
"bgh03175","blue"
"bgh05211","yellow"
"bghG006854000001001","blue"
"bgh06119","black"
"bgh06298","green"
"bgh06639","turquoise"
"bgh05187","brown"
"bgh05048","turquoise"
"bghG006856000001001","turquoise"
"bgh05188","brown"
"bgh00731","magenta"
"bgh00010","blue"
"bgh05189","magenta"
"bgh00115","magenta"
"bgh05205","turquoise"
"bgh02494","blue"
"bgh04318","brown"
"bgh04798","turquoise"
"bgh04801","black"
"bgh05070","turquoise"
"bgh06043","turquoise"
"bgh06472","blue"
"bgh04292","turquoise"
"bgh04320","blue"
"bgh04321","blue"
"bgh05217","yellow"
"bgh05662","turquoise"
"bghG006869000001001","blue"
"bgh03771","blue"
"bgh02668","green"
"bgh03812","brown"
"bgh01808","brown"
"bgh01810","blue"
"bgh03289","turquoise"
"bgh05789","pink"
"bgh02388","pink"
"bgh05693","turquoise"
"bgh00141","turquoise"
"bgh02370","brown"
"bgh03130","green"
"bgh03957","yellow"
"bgh06176","yellow"
"bgh01254","blue"
"bgh01256","yellow"
"bgh02363","yellow"
"bgh06500","turquoise"
"bgh03854","black"
"bgh01409","red"
"bgh06874","yellow"
"bgh01410","turquoise"
"bgh04702","turquoise"
"bgh04700","turquoise"
"bgh01623","blue"
"bgh03880","turquoise"
"bgh01673","turquoise"
"bgh05435","red"
"bgh01415","brown"
"bgh04708","black"
"bgh05101","brown"
"bghG006911000001001","black"
"bgh05366","brown"
"bgh01662","turquoise"
"bgh04778","turquoise"
"bgh04784","brown"
"bgh03053","turquoise"
"bgh03308","brown"
"bgh01661","turquoise"
"bgh03238","blue"
"bghG006977000001001","turquoise"
"bgh00085","blue"
"bgh02142","yellow"
"bgh06732","blue"
"bgh01663","turquoise"
"bghG006987000001001","brown"
"bgh03321","yellow"
"bgh01667","yellow"
"bgh03968","blue"
"bgh04795","yellow"
"bghG006988000001001","brown"
"bgh01477","turquoise"
"bgh01476","blue"
"bgh01485","red"
"bgh02852","turquoise"
"bgh03870","pink"
"bgh03909","brown"
"bgh05068","brown"
"bgh05626","brown"
"bgh04516","turquoise"
"bgh03650","black"
"bgh06402","blue"
"bghG007017000001001","blue"
"bgh02649","green"
"bgh02719","black"
"bgh03611","blue"
"bgh00560","yellow"
"bghG007068000001001","brown"
"bgh02172","blue"
"bgh02170","black"
"bgh02171","black"
"bghG007079000001001","brown"
"bgh01713","turquoise"
"bgh02405","blue"
"bgh03848","brown"
"bghG007080000001001","brown"
"bgh00025","purple"
"bgh01711","purple"
"bgh01032","turquoise"
"bgh02854","green"
"bgh02857","green"
"bgh02624","black"
"bgh04897","blue"
"bgh01031","brown"
"bgh00064","yellow"
"bgh06800","blue"
"bghG007112000001001","red"
"bgh02449","brown"
"bghG007125000001001","black"
"bgh03142","green"
"bgh00062","green"
"bgh00629","yellow"
"bgh03162","turquoise"
"bgh06053","blue"
"bgh00135","turquoise"
"bghG007129000001001","purple"
"bgh05405","blue"
"bgh05707","red"
"bgh03164","yellow"
"bghG007129000003001","blue"
"bghG007129000002001","green"
"bgh06569","turquoise"
"bgh02483","brown"
"bgh03627","turquoise"
"bgh04785","turquoise"
"bgh05001","yellow"
"bgh06162","purple"
"bgh03623","brown"
"bgh02351","blue"
"bgh02359","turquoise"
"bgh00671","blue"
"bgh00672","blue"
"bghG007132000001001","blue"
"bghG007132000002001","yellow"
"bgh05300","brown"
"bghG007132000003001","turquoise"
"bgh05062","turquoise"
"bgh06799","turquoise"
"bghG007133000002001","turquoise"
"bghG007135000001001","red"
"bghG007135000002001","black"
"bgh01976","brown"
"bgh05314","turquoise"
"bghG007138000002001","brown"
"bgh06956","blue"
"bghG007138000001001","yellow"
"bgh02338","red"
"bgh03194","brown"
"bgh05432","blue"
"bgh06751","turquoise"
"bgh01630","pink"
"bgh01460","green"
"bgh01631","turquoise"
"bgh00539","turquoise"
"bgh05468","yellow"
"bgh01467","turquoise"
"bgh01443","turquoise"
"bgh05818","black"
"bgh03541","yellow"
"bgh00057","blue"
"bgh01449","red"
"bghG007156000001001","brown"
"bgh04363","turquoise"
"bghG007158000001001","turquoise"
"bgh01435","red"
"bgh02385","magenta"
"bgh06791","black"
"bgh02381","yellow"
"bgh03340","brown"
"bgh01698","blue"
"bgh03111","yellow"
"bgh05072","brown"
"bgh01434","turquoise"
"bgh05569","green"
"bgh03005","magenta"
"bgh01431","blue"
"bghG007168000001001","green"
"bgh00037","black"
"bgh00108","blue"
"bgh01430","blue"
"bgh01702","pink"
"bgh05073","red"
"bgh00107","blue"
"bgh01432","yellow"
"bgh04603","yellow"
"bgh00515","brown"
"bgh00516","blue"
"bgh02352","blue"
"bgh00424","blue"
"bgh00362","blue"
"bgh06112","yellow"
"bgh00408","blue"
"bgh05559","blue"
"bghG007181000001001","red"
"bgh06003","blue"
"bgh00339","turquoise"
"bgh00513","brown"
"bgh00544","green"
"bgh03783","red"
"bgh04092","turquoise"
"bgh00949","blue"
"bgh03076","black"
"bgh04960","blue"
"bgh03368","magenta"
"bgh03369","blue"
"bghG007190000001001","turquoise"
"bgh06121","brown"
"bgh02406","brown"
"bgh03332","turquoise"
"bgh05875","brown"
"bgh04130","green"
"bgh05134","turquoise"
"bgh03754","turquoise"
"bgh06546","blue"
"bgh01284","blue"
"bgh03304","turquoise"
"bgh06720","green"
"bgh02228","green"
"bgh05984","brown"
"bgh05988","turquoise"
"bgh01245","brown"
"bgh04343","brown"
"bgh03381","yellow"
"bgh06951","green"
"bgh02574","purple"
"bgh02570","yellow"
"bgh05041","yellow"
"bgh02075","blue"
"bgh06476","yellow"
"bghG007294000001001","brown"
"bgh05590","turquoise"
"bgh05332","blue"
"bgh02824","brown"
"bgh05649","turquoise"
"bgh01326","turquoise"
"bgh01328","yellow"
"bgh03837","turquoise"
"bgh06370","blue"
"bgh00083","purple"
"bgh03249","purple"
"bghG007324000001001","purple"
"bghG007326000001001","turquoise"
"bgh02216","red"
"bgh02215","pink"
"bgh03316","turquoise"
"bgh00220","turquoise"
"bgh03147","blue"
"bgh06030","turquoise"
"bghG007329000001001","turquoise"
"bgh01041","blue"
"bgh01333","green"
"bgh01040","blue"
"bghG007361000001001","blue"
"bgh04080","turquoise"
"bgh02412","blue"
"bgh02413","yellow"
"bgh02414","blue"
"bgh03597","blue"
"bgh01334","blue"
"bgh01335","blue"
"bgh00558","green"
"bgh00737","green"
"bgh02860","yellow"
"bgh02864","yellow"
"bgh04503","brown"
"bgh04140","brown"
"bgh05058","blue"
"bgh05219","turquoise"
"bgh05236","red"
"bghG007389000001001","black"
"bgh00180","green"
"bgh00271","yellow"
"bgh05199","yellow"
"bgh04135","magenta"
"bgh05050","blue"
"bgh04139","yellow"
"bgh05218","blue"
"bgh00275","blue"
"bgh05208","green"
"bghG007401000001001","brown"
"bghG007402000001001","turquoise"
"bgh06297","blue"
"bgh02286","green"
"bgh05447","yellow"
"bgh02298","brown"
"bgh02582","yellow"
"bgh02292","blue"
"bgh05198","brown"
"bgh02289","blue"
"bgh04789","black"
"bgh05610","yellow"
"bgh00835","turquoise"
"bgh02997","brown"
"bgh06624","brown"
"bgh00288","turquoise"
"bgh03981","turquoise"
"bgh03803","turquoise"
"bgh06427","red"
"bgh03983","yellow"
"bgh06598","brown"
"bgh01138","green"
"bgh04956","green"
"bgh05562","blue"
"bgh01136","black"
"bghG007462000001001","green"
"bgh01217","blue"
"bgh01229","yellow"
"bgh04586","yellow"
"bgh04589","green"
"bgh05235","turquoise"
"bgh01216","yellow"
"bgh04895","turquoise"
"bgh05844","turquoise"
"bghG007473000001001","turquoise"
"bgh01227","yellow"
"bgh03181","green"
"bgh03620","magenta"
"bgh04035","blue"
"bgh03439","yellow"
"bgh06023","red"
"bgh01218","red"
"bgh01220","green"
"bgh01223","magenta"
"bgh01222","turquoise"
"bghG007477000001001","turquoise"
"bgh03739","green"
"bgh02074","yellow"
"bgh03703","green"
"bgh01282","turquoise"
"bgh02695","green"
"bgh00576","brown"
"bgh02788","black"
"bgh04909","blue"
"bgh04527","yellow"
"bgh06675","blue"
"bgh06698","blue"
"bghG007518000001001","brown"
"bgh04532","green"
"bgh01724","blue"
"bgh02709","blue"
"bgh02714","green"
"bgh05078","yellow"
"bgh00583","green"
"bgh04362","green"
"bgh00088","brown"
"bgh01730","green"
"bgh00184","yellow"
"bgh04366","red"
"bgh06384","turquoise"
"bgh01880","brown"
"bgh04933","brown"
"bgh05480","blue"
"bghG007527000002001","blue"
"bghG007527000001001","brown"
"bgh04369","brown"
"bgh04373","turquoise"
"bgh04422","yellow"
"bgh02559","brown"
"bgh04421","turquoise"
"bgh02577","yellow"
"bgh06406","turquoise"
"bgh00696","turquoise"
"bgh00697","brown"
"bghG007539000001001","blue"
"bgh01948","turquoise"
"bgh02617","purple"
"bgh02625","turquoise"
"bgh02627","yellow"
"bgh02630","turquoise"
"bgh06148","red"
"bgh00626","turquoise"
"bgh02618","turquoise"
"bgh02573","brown"
"bgh03511","yellow"
"bgh00179","green"
"bgh03534","turquoise"
"bgh06702","brown"
"bgh06783","green"
"bghG007541000001001","red"
"bgh03337","blue"
"bgh00254","yellow"
"bgh00926","blue"
"bgh00924","red"
"bgh00928","brown"
"bgh00927","red"
"bgh02975","green"
"bgh00537","red"
"bgh05340","turquoise"
"bgh06829","red"
"bgh04350","brown"
"bgh04119","yellow"
"bgh01420","brown"
"bghG007587000001001","turquoise"
"bghG007601000001001","brown"
"bgh02996","blue"
"bgh06045","blue"
"bgh05644","brown"
"bgh03763","turquoise"
"bgh02115","pink"
"bgh02116","yellow"
"bgh02117","black"
"bghG007623000001001","turquoise"
"bgh02792","brown"
"bgh05865","turquoise"
"bgh01632","yellow"
"bgh03572","green"
"bgh03579","turquoise"
"bgh01981","blue"
"bgh00569","yellow"
"bgh02895","blue"
"bgh02901","yellow"
"bgh01613","yellow"
"bgh01932","red"
"bgh01933","red"
"bghG007683000001001","black"
"bgh01958","brown"
"bghG007690000001001","turquoise"
"bghG007691000001001","turquoise"
"bghG007691000002001","turquoise"
"bgh05033","yellow"
"bgh05660","red"
"bgh01497","turquoise"
"bgh00859","blue"
"bgh02393","turquoise"
"bgh04345","turquoise"
"bgh04358","yellow"
"bgh06179","turquoise"
"bgh06413","turquoise"
"bghG007788000001001","brown"
"bgh04378","brown"
"bgh04598","brown"
"bgh03582","turquoise"
"bgh04022","turquoise"
"bgh05804","yellow"
"bghG007839000001001","blue"
"bghG007850000001001","brown"
"bghG007884000001001","brown"
"bgh02587","green"
"bgh04293","black"
"bgh05870","turquoise"
"bghG007957000001001","turquoise"
"bgh04883","green"
"bghG007974000001001","turquoise"
"bgh00541","yellow"
"bgh03063","turquoise"
"bghG008002000002001","turquoise"
"bghG008016000001001","green"
"bgh06169","turquoise"
"bghG008117000001001","turquoise"
"bgh06517","brown"
"bgh06532","green"
"bgh06727","turquoise"
"bgh03478","purple"
"bgh02928","turquoise"
"bghG008575000001001","green"
"bgh03677","brown"
"bghG008605000001001","brown"
"bgh03755","pink"
"bgh03594","green"
"bgh06729","brown"
"bgh02874","green"
"bghG008724000001001","turquoise"
"bghG008727000001001","blue"
"bgh04917","blue"
"bghG008786000001001","blue"
"bgh02925","turquoise"
"bghG008831000001001","turquoise"
"bghG008993000001001","turquoise"
"bghG009031000001001","turquoise"
"bghG009054000001001","brown"
"bgh05803","turquoise"
"bghG009249000001001","turquoise"
"bghG009256000001001","brown"
"bghG009385000001001","turquoise"
"bgh04170","brown"
"bgh05609","turquoise"
"bghG009555000001001","turquoise"
"bgh05100","turquoise"
"bgh03695","turquoise"
"bghG009820000001001","turquoise"
"bghG010412000001001","green"
"bghG010602000001001","turquoise"
"bgh03376","green"
"bgh00800","turquoise"
"bghG013305000001001","turquoise"
"bghG013913000001001","green"
"bgh06518","turquoise"
"bghG014836000001001","turquoise"
